run_id,task_id,robot_id,start_zone,goal_zone,static_path_length_m,turn_count,junction_crossings_count,nominal_speed_mps,fleet_size,candidate_corridor_count,mean_nearby_robot_count,avg_nearby_robot_speed_mps,max_corridor_queue_length,reservation_count,corridor_occupancy_ratio,active_blockage_count,waiting_time_s,total_stop_time_s,mean_peer_freshness_ms,task_load_count,actual_travel_time_s
run_1789739898,rnd_task_001,robot_4,North,North,22.26,2,1,0.46,4,1,0.07,0.04,4,29,0.076,90,358.8,354.8,500.0,4,551.4
run_1789739898,rnd_task_002,robot_3,South,North,52.36,4,2,0.46,4,2,0.07,0.03,6,47,0.09,97,425.3,421.3,500.0,6,757.0
run_1789739898,rnd_task_003,robot_1,Central,Central,0.51,0,0,0.46,4,1,0.11,0.02,4,21,0.07,79,239.64,235.64,500.0,3,398.6
run_1789739898,rnd_task_004,robot_2,Central,South,69.97,4,2,0.46,4,2,0.08,0.02,5,35,0.087,87,477.42,473.42,500.0,5,641.18
run_1789739898,rnd_task_005,robot_1,North,Central,6.0,1,2,0.46,4,2,0.05,0.0,8,61,0.084,166,671.5,667.5,500.0,8,1148.62
run_1789739898,rnd_task_006,robot_4,North,North,35.25,2,1,0.46,4,1,0.07,0.08,5,41,0.094,114,316.06,312.06,500.0,5,661.06
run_1789739898,rnd_task_007,robot_2,North,South,6.0,0,2,0.46,4,2,0.06,0.02,6,43,0.076,152,701.94,697.94,500.0,6,896.66
run_1789739898,rnd_task_008,robot_3,North,North,29.54,2,1,0.46,4,1,0.09,0.0,3,24,0.069,107,232.5,228.5,500.0,4,466.0
run_1789739898,rnd_task_009,robot_4,North,South,66.1,4,2,0.46,4,2,0.12,0.08,7,42,0.075,71,680.36,676.36,500.0,7,902.6
run_1789739898,rnd_task_010,robot_3,South,North,6.0,0,2,0.46,4,2,0.1,0.11,5,36,0.066,70,580.52,576.52,500.0,5,786.6
run_1789739898,rnd_task_011,robot_1,South,North,66.86,4,2,0.46,4,2,0.02,0.01,6,38,0.083,30,392.66,388.66,500.0,6,676.22
run_1789739898,rnd_task_012,robot_2,Central,South,5.77,1,2,0.46,4,2,0.13,0.04,4,36,0.088,30,353.04,349.04,500.0,5,592.6
run_1789739898,rnd_task_013,robot_3,North,North,5.89,1,0,0.46,4,1,0.0,0.18,6,36,0.08,0,410.66,406.66,500.0,6,647.38
run_1789739898,rnd_task_014,robot_4,South,North,0.67,0,2,0.46,4,2,0.01,0.46,9,53,0.089,11,440.1,436.1,500.0,7,899.16
run_1789739898,rnd_task_015,robot_2,Central,North,85.1,4,2,0.46,4,2,0.0,0.18,7,40,0.088,11,349.0,345.0,500.0,5,661.6
run_1789739898,rnd_task_016,robot_1,South,South,47.38,2,1,0.46,4,1,0.0,0.18,9,58,0.111,11,394.26,390.26,500.0,6,810.6
run_1789739898,rnd_task_017,robot_3,North,North,8.95,2,0,0.46,4,1,0.02,0.46,6,35,0.104,12,191.46,187.46,500.0,6,479.2
run_1789739898,rnd_task_018,robot_2,Central,South,73.25,4,2,0.46,4,2,0.0,0.18,5,24,0.115,2,197.46,193.46,500.0,5,313.2
run_1789739898,rnd_task_019,robot_4,North,North,37.05,2,1,0.46,4,1,0.0,0.18,5,25,0.108,2,138.6,134.6,500.0,4,351.68
run_1789739898,rnd_task_020,robot_1,Central,Central,98.97,4,2,0.46,4,1,0.0,0.18,4,19,0.059,40,206.5,202.5,500.0,3,478.4
run_1789738839,rnd_task_001,robot_1,South,South,24.94,2,0,0.46,4,1,0.05,0.0,3,28,0.069,68,253.84,249.84,500.0,3,521.0
run_1789738839,rnd_task_002,robot_2,North,North,35.25,2,1,0.46,4,1,0.06,0.16,7,59,0.104,114,550.5,546.5,500.0,6,906.2
run_1789738839,rnd_task_003,robot_3,South,North,85.6,4,2,0.46,4,2,0.13,0.05,5,47,0.098,94,430.7,426.7,500.0,4,733.8
run_1789738839,rnd_task_004,robot_4,North,North,30.2,2,1,0.46,4,1,0.1,0.1,5,47,0.092,89,510.98,506.98,500.0,5,758.4
run_1789738839,rnd_task_005,robot_1,North,South,50.67,4,2,0.46,4,2,0.04,0.25,8,48,0.089,94,539.56,535.56,500.0,6,811.6
run_1789738839,rnd_task_006,robot_3,North,South,65.89,4,2,0.46,4,2,0.1,0.3,6,36,0.085,64,391.0,387.0,500.0,6,662.0
run_1789738839,rnd_task_007,robot_4,South,North,66.35,4,2,0.46,4,2,0.06,0.11,10,59,0.09,161,692.88,688.88,500.0,7,996.2
run_1789738839,rnd_task_008,robot_2,North,South,91.22,4,2,0.46,4,2,0.12,0.23,6,40,0.071,143,418.38,414.38,500.0,5,787.0
run_1789738839,rnd_task_009,robot_1,North,Central,64.69,4,2,0.46,4,2,0.06,0.08,7,42,0.097,108,422.88,418.88,500.0,6,640.9
run_1789738839,rnd_task_010,robot_3,Central,North,100.1,4,2,0.46,4,2,0.06,0.14,7,47,0.094,90,292.9,288.9,500.0,6,744.0
run_1789738839,rnd_task_011,robot_2,South,North,73.22,4,2,0.46,4,2,0.0,0.18,8,43,0.086,28,334.88,330.88,500.0,7,767.2
run_1789738839,rnd_task_012,robot_4,Central,North,0.97,0,2,0.46,4,2,0.05,0.13,8,37,0.094,28,402.9,398.9,500.0,5,615.4
run_1789738839,rnd_task_013,robot_1,North,South,6.13,1,2,0.46,4,2,0.01,0.0,7,36,0.073,44,499.7,495.7,500.0,6,711.6
run_1789738839,rnd_task_014,robot_3,North,North,53.01,2,1,0.46,4,1,0.01,0.0,5,30,0.061,67,328.24,324.24,500.0,6,691.0
run_1789738839,rnd_task_015,robot_4,South,North,82.81,4,2,0.46,4,2,0.02,0.32,10,82,0.099,78,845.66,841.66,500.0,8,1277.36
run_1789738839,rnd_task_016,robot_2,North,South,0.67,0,2,0.46,4,2,0.02,0.0,6,35,0.106,44,332.54,328.54,500.0,5,491.8
run_1789738839,rnd_task_017,robot_1,South,North,97.33,4,2,0.46,4,2,0.06,0.05,10,95,0.123,92,698.92,694.92,500.0,6,1187.4
run_1789738839,rnd_task_018,robot_3,Central,South,57.08,2,1,0.46,4,2,0.01,0.0,4,44,0.095,29,315.74,311.74,500.0,4,651.2
run_1789738839,rnd_task_019,robot_2,Central,Central,78.22,4,2,0.46,4,1,0.02,0.0,5,42,0.093,32,295.86,291.86,500.0,4,666.6
run_1789738839,rnd_task_020,robot_3,South,South,0.85,0,0,0.46,4,1,0.0,0.18,6,40,0.189,35,62.66,58.66,500.0,3,306.8
run_1789741812,rnd_task_001,robot_1,North,South,81.52,4,2,0.46,4,2,0.02,0.0,5,41,0.059,65,655.4,651.4,500.0,5,1053.4
run_1789741812,rnd_task_002,robot_4,North,South,95.29,4,2,0.46,4,2,0.03,0.09,6,47,0.066,87,709.36,705.36,500.0,6,1098.2
run_1789741812,rnd_task_003,robot_2,South,North,0.61,0,2,0.46,4,2,0.02,0.0,4,24,0.052,25,390.18,386.18,500.0,3,696.0
run_1789741812,rnd_task_004,robot_3,Central,South,6.01,0,2,0.46,4,2,0.01,0.0,4,35,0.057,39,466.94,462.94,500.0,4,842.4
run_1789741812,rnd_task_005,robot_2,South,South,14.75,2,0,0.46,4,1,0.06,0.14,5,40,0.089,85,417.44,413.44,500.0,6,674.8
run_1789741812,rnd_task_006,robot_3,South,North,70.84,4,2,0.46,4,2,0.06,0.04,8,58,0.086,99,668.54,664.54,500.0,7,1022.78
run_1789741812,rnd_task_007,robot_1,Central,North,30.81,2,0,0.46,4,2,0.0,0.0,4,31,0.076,57,379.14,375.14,500.0,5,661.4
run_1789741812,rnd_task_008,robot_4,North,South,49.38,4,2,0.46,4,2,0.03,0.04,7,53,0.092,58,567.18,563.18,500.0,6,867.8
run_1789741812,rnd_task_009,robot_2,North,North,34.52,2,1,0.46,4,1,0.06,0.05,7,43,0.085,89,380.04,376.04,500.0,6,730.46
run_1789741812,rnd_task_010,robot_1,North,South,6.0,0,2,0.46,4,2,0.05,0.0,9,63,0.136,84,319.34,315.34,500.0,7,689.0
run_1789741812,rnd_task_013,robot_3,North,North,16.78,2,0,0.46,4,1,0.13,0.24,6,25,0.089,63,221.3,217.3,500.0,5,381.2
run_1789741812,rnd_task_014,robot_4,North,Central,6.04,1,2,0.46,4,2,0.04,0.0,6,35,0.118,53,283.32,279.32,500.0,5,424.8
run_1789741812,rnd_task_015,robot_2,South,Central,61.4,2,1,0.46,4,2,0.02,0.26,10,82,0.126,51,618.82,614.82,500.0,9,1000.8
run_1789741812,rnd_task_016,robot_3,North,North,18.99,2,0,0.46,4,1,0.0,0.18,4,20,0.109,22,109.46,105.46,500.0,5,276.34
run_1789741812,rnd_task_017,robot_4,North,South,6.0,0,2,0.46,4,2,0.01,0.0,9,54,0.118,51,462.54,458.54,500.0,5,697.8
run_1789741812,rnd_task_018,robot_1,South,North,6.06,1,2,0.46,4,2,0.02,0.0,6,36,0.135,22,237.76,233.76,500.0,4,384.78
run_1789741812,rnd_task_019,robot_3,North,North,21.89,2,0,0.46,4,1,0.04,0.0,6,28,0.099,29,284.7,280.7,500.0,3,423.2
run_1789741812,rnd_task_021,robot_3,Central,North,0.51,0,2,0.46,4,2,0.04,0.05,7,41,0.091,50,274.66,270.66,500.0,4,684.6
run_1789741812,rnd_task_022,robot_4,Central,South,56.03,2,1,0.46,4,2,0.02,0.01,7,43,0.068,50,384.9,380.9,500.0,3,945.8
run_1789741812,rnd_task_023,robot_2,Central,North,62.65,4,2,0.46,4,2,0.03,0.08,7,36,0.084,50,287.68,283.68,500.0,2,620.6
run_1789740907,rnd_task_001,robot_1,North,North,29.43,2,1,0.46,4,1,0.05,0.0,5,41,0.113,29,421.78,417.78,500.0,4,565.2
run_1789740907,rnd_task_002,robot_4,North,South,97.58,4,2,0.46,4,2,0.01,0.04,9,76,0.104,28,676.0,672.0,500.0,8,1119.0
run_1789740907,rnd_task_003,robot_2,South,Central,79.61,4,2,0.46,4,2,0.19,0.0,4,27,0.093,17,245.9,241.9,500.0,3,428.2
run_1789740907,rnd_task_004,robot_3,North,South,60.51,4,2,0.46,4,2,0.1,0.08,7,53,0.099,18,620.44,616.44,500.0,6,786.6
run_1789740907,rnd_task_005,robot_2,Central,North,0.88,0,2,0.46,4,2,0.0,0.18,6,26,0.115,1,115.56,111.56,500.0,4,312.2
run_1789740907,rnd_task_006,robot_1,North,Central,34.8,2,1,0.46,4,2,0.0,0.18,4,18,0.07,1,206.6,202.6,500.0,5,341.0
run_1789740907,rnd_task_007,robot_2,South,Central,80.3,4,2,0.46,4,2,0.18,0.0,6,42,0.094,15,438.6,434.6,500.0,6,679.6
run_1789740907,rnd_task_008,robot_3,North,South,0.85,0,2,0.46,4,2,0.04,0.0,8,66,0.108,19,639.2,635.2,500.0,6,905.0
run_1789740907,rnd_task_009,robot_1,North,Central,53.26,2,1,0.46,4,2,0.0,0.18,7,66,0.117,19,374.04,370.04,500.0,6,874.16
run_1789740907,rnd_task_010,robot_4,North,North,37.44,2,1,0.46,4,1,0.17,0.08,9,72,0.129,19,520.54,516.54,500.0,7,867.86
run_1789740907,rnd_task_011,robot_2,South,South,24.94,2,0,0.46,4,1,0.0,0.18,4,35,0.137,3,174.5,170.5,500.0,5,365.0
run_1789740907,rnd_task_012,robot_3,South,North,47.09,4,2,0.46,4,2,0.03,0.41,7,47,0.126,13,415.2,411.2,500.0,7,555.26
run_1789740907,rnd_task_013,robot_1,North,North,30.7,2,1,0.46,4,1,0.0,0.18,4,30,0.124,12,149.38,145.38,500.0,5,339.56
run_1789740907,rnd_task_014,robot_2,North,North,9.66,2,0,0.46,4,1,0.07,0.05,9,49,0.125,13,406.4,402.4,500.0,7,605.6
run_1789740907,rnd_task_015,robot_4,Central,North,31.22,2,0,0.46,4,2,0.0,0.18,5,29,0.106,12,265.6,261.6,500.0,5,395.2
run_1789740907,rnd_task_016,robot_1,South,Central,0.85,0,2,0.46,4,2,0.0,0.18,8,53,0.108,5,433.98,429.98,500.0,7,703.38
run_1789740907,rnd_task_017,robot_3,North,North,0.85,0,0,0.46,4,1,0.0,0.18,5,24,0.144,0,74.9,70.9,500.0,5,222.6
run_1789740907,rnd_task_018,robot_4,North,Central,22.67,2,0,0.46,4,2,0.06,0.35,6,32,0.101,9,270.96,266.96,500.0,5,533.8
run_1789740907,rnd_task_019,robot_2,South,North,61.02,4,2,0.46,4,2,0.03,0.0,8,52,0.112,42,609.12,605.12,500.0,4,733.2
run_1789740907,rnd_task_020,robot_3,North,South,67.38,4,2,0.46,4,2,0.03,0.0,6,35,0.09,41,363.32,359.32,500.0,3,602.0
run_1789659569,rnd_task_001,robot_1,South,South,24.94,2,0,0.46,4,1,0.02,0.02,3,28,0.07,78,247.24,243.24,500.0,3,516.6
run_1789659569,rnd_task_002,robot_2,North,North,35.25,2,1,0.46,4,1,0.09,0.09,7,59,0.102,113,569.86,565.86,500.0,6,923.76
run_1789659569,rnd_task_003,robot_3,South,North,85.6,4,2,0.46,4,2,0.14,0.03,5,41,0.084,74,437.26,433.26,500.0,4,742.16
run_1789659569,rnd_task_004,robot_4,North,North,30.2,2,1,0.46,4,1,0.1,0.07,5,41,0.086,66,508.9,504.9,500.0,5,748.2
run_1789659569,rnd_task_005,robot_1,North,South,50.67,4,2,0.46,4,2,0.08,0.23,8,48,0.086,113,524.18,520.18,500.0,6,794.2
run_1789659569,rnd_task_006,robot_3,North,South,65.89,4,2,0.46,4,2,0.14,0.16,6,42,0.104,107,398.36,394.36,500.0,6,632.0
run_1789659569,rnd_task_007,robot_4,South,North,66.35,4,2,0.46,4,2,0.03,0.1,10,59,0.092,192,686.52,682.52,500.0,7,979.2
run_1789659569,rnd_task_008,robot_2,North,South,91.22,4,2,0.46,4,2,0.08,0.1,7,35,0.067,177,403.86,399.86,500.0,5,778.0
run_1789659569,rnd_task_009,robot_1,North,Central,64.69,4,2,0.46,4,2,0.03,0.11,6,31,0.069,103,418.36,414.36,500.0,6,633.8
run_1789659569,rnd_task_010,robot_3,Central,North,100.1,4,2,0.46,4,2,0.04,0.3,7,41,0.082,82,296.18,292.18,500.0,6,733.0
run_1789659569,rnd_task_011,robot_2,South,North,0.51,0,2,0.46,4,2,0.0,0.18,8,43,0.088,14,323.36,319.36,500.0,7,748.6
run_1789659569,rnd_task_012,robot_4,Central,North,0.47,0,2,0.46,4,2,0.02,0.46,7,32,0.092,13,333.5,329.5,500.0,5,545.4
run_1789659569,rnd_task_013,robot_1,North,South,6.13,1,2,0.46,4,2,0.0,0.18,7,36,0.075,26,487.92,483.92,500.0,6,697.6
run_1789659569,rnd_task_014,robot_3,North,North,53.01,2,1,0.46,4,1,0.03,0.0,6,40,0.086,20,323.1,319.1,500.0,6,677.0
run_1789659569,rnd_task_015,robot_4,South,North,82.81,4,2,0.46,4,2,0.03,0.22,10,82,0.102,67,811.92,807.92,500.0,8,1237.8
run_1789659569,rnd_task_016,robot_2,North,South,59.88,4,2,0.46,4,2,0.04,0.0,6,35,0.105,16,334.1,330.1,500.0,5,493.2
run_1789659569,rnd_task_017,robot_1,South,North,97.33,4,2,0.46,4,2,0.04,0.01,9,84,0.117,70,672.44,668.44,500.0,6,1125.84
run_1789659569,rnd_task_018,robot_3,Central,South,0.67,0,2,0.46,4,2,0.03,0.0,4,36,0.076,51,296.18,292.18,500.0,4,630.48
run_1789659569,rnd_task_019,robot_2,Central,Central,78.22,4,2,0.46,4,1,0.04,0.04,6,47,0.106,51,304.32,300.32,500.0,4,663.4
run_1789659569,rnd_task_020,robot_3,South,South,22.15,2,0,0.46,4,1,0.0,0.18,6,30,0.137,16,60.82,56.82,500.0,3,305.8
run_1789651492,rnd_task_001,robot_1,South,South,24.94,2,0,0.46,4,1,0.05,0.0,2,23,0.055,76,244.84,240.84,500.0,3,507.6
run_1789651492,rnd_task_002,robot_2,North,North,35.25,2,1,0.46,4,1,0.02,0.17,7,54,0.095,79,543.34,539.34,500.0,3,901.66
run_1789651492,rnd_task_003,robot_3,South,North,85.6,4,2,0.46,4,2,0.21,0.04,5,41,0.084,58,445.0,441.0,500.0,3,739.0
run_1789651492,rnd_task_004,robot_4,North,North,30.2,2,1,0.46,4,1,0.05,0.15,5,41,0.087,47,485.5,481.5,500.0,3,735.0
run_1789713215,rnd_task_001,robot_4,North,North,22.26,2,1,0.46,4,1,0.06,0.03,4,35,0.095,57,355.04,351.04,500.0,4,550.06
run_1789713215,rnd_task_002,robot_3,South,North,52.36,4,2,0.46,4,2,0.09,0.01,6,47,0.091,67,412.9,408.9,500.0,6,746.0
run_1789713215,rnd_task_003,robot_1,Central,Central,0.51,0,0,0.46,4,1,0.04,0.01,3,23,0.081,40,243.52,239.52,500.0,3,393.8
run_1789713215,rnd_task_004,robot_2,Central,South,0.85,0,2,0.46,4,2,0.05,0.0,5,40,0.104,54,456.0,452.0,500.0,5,616.8
run_1789713215,rnd_task_005,robot_1,North,Central,81.91,4,2,0.46,4,2,0.04,0.01,8,60,0.082,298,671.16,667.16,500.0,8,1140.8
run_1789713215,rnd_task_006,robot_4,North,North,35.25,2,1,0.46,4,1,0.06,0.22,5,42,0.09,158,327.38,323.38,500.0,5,667.0
run_1789713215,rnd_task_007,robot_2,North,South,68.9,4,2,0.46,4,2,0.07,0.0,7,48,0.083,280,717.58,713.58,500.0,6,918.4
run_1789713215,rnd_task_008,robot_3,North,North,29.54,2,1,0.46,4,1,0.09,0.0,3,30,0.088,148,238.0,234.0,500.0,4,477.58
run_1789713215,rnd_task_009,robot_4,North,South,66.1,4,2,0.46,4,2,0.07,0.06,6,47,0.079,225,689.18,685.18,500.0,6,907.4
run_1789713215,rnd_task_010,robot_3,South,North,48.14,4,2,0.46,4,2,0.05,0.04,5,47,0.075,225,624.28,620.28,500.0,5,874.3
run_1789713215,rnd_task_011,robot_1,South,North,0.72,0,2,0.46,4,2,0.04,0.04,6,43,0.103,97,368.66,364.66,500.0,6,661.6
run_1789713215,rnd_task_012,robot_2,Central,South,5.77,1,2,0.46,4,2,0.05,0.08,5,42,0.101,97,373.32,369.32,500.0,5,614.8
run_1789713215,rnd_task_013,robot_3,North,North,0.85,0,0,0.46,4,1,0.0,0.0,7,36,0.079,19,419.84,415.84,500.0,5,659.0
run_1789713215,rnd_task_014,robot_4,South,North,0.67,0,2,0.46,4,2,0.01,0.46,11,59,0.094,19,456.48,452.48,500.0,8,958.2
run_1789713215,rnd_task_015,robot_2,Central,North,85.1,4,2,0.46,4,2,0.02,0.0,6,36,0.079,19,334.12,330.12,500.0,5,658.8
run_1789713215,rnd_task_016,robot_1,South,South,47.38,2,1,0.46,4,1,0.0,0.18,10,52,0.097,19,401.06,397.06,500.0,5,821.86
run_1789713215,rnd_task_017,robot_3,North,North,8.95,2,0,0.46,4,1,0.02,0.34,7,36,0.109,1,170.1,166.1,500.0,6,476.0
run_1789713215,rnd_task_018,robot_2,Central,South,73.25,4,2,0.46,4,2,0.0,0.18,5,29,0.129,1,222.06,218.06,500.0,5,341.04
run_1789713215,rnd_task_019,robot_1,North,North,37.05,2,1,0.46,4,1,0.02,0.21,6,38,0.094,28,391.6,387.6,500.0,4,641.0
run_1789713215,rnd_task_020,robot_4,Central,Central,98.97,4,2,0.46,4,1,0.0,0.18,4,25,0.077,4,180.34,176.34,500.0,3,442.8
run_1789712169,rnd_task_001,robot_1,South,South,0.85,0,0,0.46,4,1,0.06,0.0,3,27,0.067,55,245.44,241.44,500.0,3,508.0
run_1789712169,rnd_task_002,robot_2,North,North,35.25,2,1,0.46,4,1,0.05,0.15,7,54,0.094,67,556.7,552.7,500.0,6,915.6
run_1789712169,rnd_task_003,robot_3,South,North,85.6,4,2,0.46,4,2,0.14,0.03,5,41,0.086,42,431.06,427.06,500.0,4,722.0
run_1789712169,rnd_task_004,robot_4,North,North,0.75,0,1,0.46,4,1,0.11,0.08,5,41,0.083,38,525.24,521.24,500.0,5,768.46
run_1789712169,rnd_task_005,robot_1,North,South,50.67,4,2,0.46,4,2,0.01,0.26,8,42,0.079,69,521.42,517.42,500.0,6,786.6
run_1789712169,rnd_task_006,robot_3,North,South,65.89,4,2,0.46,4,2,0.08,0.16,6,36,0.088,85,360.62,356.62,500.0,6,633.6
run_1789712169,rnd_task_007,robot_4,South,North,66.35,4,2,0.46,4,2,0.04,0.18,10,54,0.084,152,664.06,660.06,500.0,7,970.86
run_1789712169,rnd_task_008,robot_2,North,South,91.22,4,2,0.46,4,2,0.08,0.15,6,40,0.073,133,401.62,397.62,500.0,5,770.6
run_1789712169,rnd_task_009,robot_1,North,Central,64.69,4,2,0.46,4,2,0.05,0.17,6,37,0.085,84,425.96,421.96,500.0,6,637.6
run_1789712169,rnd_task_010,robot_3,Central,North,0.49,0,2,0.46,4,2,0.0,0.0,7,47,0.095,67,284.78,280.78,500.0,6,738.4
run_1789712169,rnd_task_011,robot_2,South,North,73.22,4,2,0.46,4,2,0.0,0.18,8,38,0.075,20,338.96,334.96,500.0,7,773.4
run_1789712169,rnd_task_012,robot_4,Central,North,31.22,2,0,0.46,4,2,0.07,0.25,7,36,0.096,20,366.28,362.28,500.0,5,585.4
run_1789712169,rnd_task_013,robot_1,North,South,43.19,4,2,0.46,4,2,0.0,0.0,6,36,0.076,43,472.9,468.9,500.0,6,685.8
run_1789712169,rnd_task_014,robot_3,North,North,53.01,2,1,0.46,4,1,0.02,0.0,6,31,0.066,51,308.64,304.64,500.0,6,670.8
run_1789712169,rnd_task_015,robot_4,South,North,82.81,4,2,0.46,4,2,0.02,0.2,11,82,0.1,151,841.86,837.86,500.0,8,1264.2
run_1789712169,rnd_task_016,robot_2,North,South,59.88,4,2,0.46,4,2,0.06,0.15,6,47,0.112,101,485.16,481.16,500.0,5,643.2
run_1789712169,rnd_task_017,robot_1,South,North,6.0,0,2,0.46,4,2,0.04,0.0,7,53,0.095,101,400.06,396.06,500.0,5,840.0
run_1789712169,rnd_task_018,robot_3,Central,South,57.08,2,1,0.46,4,2,0.04,0.0,5,41,0.097,91,285.44,281.44,500.0,4,616.6
run_1789712169,rnd_task_019,robot_2,Central,Central,78.22,4,2,0.46,4,1,0.05,0.0,6,34,0.094,49,154.04,150.04,500.0,4,512.82
run_1789712169,rnd_task_020,robot_3,South,South,0.85,0,0,0.46,4,1,0.0,0.18,6,31,0.146,57,56.08,52.08,500.0,2,301.4
run_1789311024,rnd_task_001,robot_1,South,South,0.85,0,0,0.46,4,1,0.03,0.0,3,28,0.088,43,216.92,212.92,500.0,3,407.0
run_1789311024,rnd_task_002,robot_2,North,North,35.25,2,1,0.46,4,1,0.12,0.12,7,53,0.109,106,470.24,466.24,500.0,3,770.12
run_1789311024,rnd_task_003,robot_3,South,North,0.49,0,2,0.46,4,2,0.04,0.14,5,41,0.1,66,352.62,348.62,500.0,3,618.44
run_1789311024,rnd_task_004,robot_4,North,North,30.2,2,1,0.46,4,1,0.06,0.04,5,41,0.103,66,399.68,395.68,500.0,3,621.2
run_1789716089,rnd_task_001,robot_4,North,North,22.26,2,1,0.46,4,1,0.05,0.02,4,29,0.084,69,358.5,354.5,500.0,4,550.0
run_1789716089,rnd_task_002,robot_3,South,North,0.67,0,2,0.46,4,2,0.14,0.04,6,47,0.084,83,425.38,421.38,500.0,6,760.6
run_1789716089,rnd_task_003,robot_1,Central,Central,42.28,2,0,0.46,4,1,0.07,0.07,3,23,0.08,61,249.2,245.2,500.0,3,401.88
run_1789716089,rnd_task_004,robot_2,Central,South,0.85,0,2,0.46,4,2,0.03,0.0,5,34,0.085,72,475.74,471.74,500.0,5,632.8
run_1789716089,rnd_task_005,robot_1,North,Central,81.91,4,2,0.46,4,2,0.06,0.02,7,50,0.068,154,662.18,658.18,500.0,8,1138.96
run_1789716089,rnd_task_006,robot_4,North,North,35.25,2,1,0.46,4,1,0.08,0.1,5,42,0.089,116,361.4,357.4,500.0,6,718.0
run_1789716089,rnd_task_007,robot_2,North,South,68.9,4,2,0.46,4,2,0.07,0.06,6,43,0.075,138,695.36,691.36,500.0,6,902.4
run_1789716089,rnd_task_008,robot_3,North,North,29.54,2,1,0.46,4,1,0.1,0.0,3,24,0.07,102,219.06,215.06,500.0,3,460.2
run_1789716089,rnd_task_009,robot_3,North,South,66.1,4,2,0.46,4,2,0.04,0.0,4,36,0.067,74,561.68,557.68,500.0,6,773.4
run_1789716089,rnd_task_010,robot_4,South,North,0.67,0,2,0.46,4,2,0.0,0.0,6,42,0.074,70,584.76,580.76,500.0,6,869.42
run_1789716089,rnd_task_011,robot_1,South,North,6.0,1,2,0.46,4,2,0.02,0.02,6,42,0.1,44,377.52,373.52,500.0,6,658.2
run_1789716089,rnd_task_012,robot_2,Central,South,74.38,4,2,0.46,4,2,0.03,0.03,5,41,0.1,44,356.86,352.86,500.0,5,598.0
run_1789716089,rnd_task_013,robot_3,North,North,21.6,2,0,0.46,4,1,0.0,0.18,6,34,0.088,0,458.34,454.34,500.0,6,545.8
run_1789716089,rnd_task_014,robot_4,South,North,79.73,4,2,0.46,4,2,0.0,0.46,11,71,0.1,7,704.12,700.12,500.0,9,1096.4
run_1789716089,rnd_task_015,robot_2,Central,North,85.1,4,2,0.46,4,2,0.0,0.18,8,42,0.093,1,335.3,331.3,500.0,5,663.6
run_1789716089,rnd_task_016,robot_1,South,South,47.38,2,1,0.46,4,1,0.0,0.46,8,52,0.098,4,386.2,382.2,500.0,5,812.2
run_1789716089,rnd_task_017,robot_3,North,North,8.95,2,0,0.46,4,1,0.0,0.18,6,30,0.094,4,174.56,170.56,500.0,4,445.3
run_1789716089,rnd_task_018,robot_2,Central,South,0.85,0,2,0.46,4,2,0.0,0.18,5,24,0.105,5,220.64,216.64,500.0,5,343.6
run_1789716089,rnd_task_019,robot_3,North,North,37.05,2,1,0.46,4,1,0.03,0.31,5,24,0.072,25,234.06,230.06,500.0,3,497.46
run_1789716089,rnd_task_020,robot_1,Central,Central,98.97,4,2,0.46,4,1,0.0,0.18,5,24,0.071,31,216.18,212.18,500.0,3,510.0
run_1789714919,rnd_task_001,robot_1,South,South,24.94,2,0,0.46,4,1,0.04,0.0,2,23,0.053,73,253.46,249.46,500.0,3,524.86
run_1789714919,rnd_task_002,robot_2,North,North,35.25,2,1,0.46,4,1,0.02,0.25,7,59,0.104,87,551.88,547.88,500.0,6,901.6
run_1789714919,rnd_task_003,robot_3,South,North,85.6,4,2,0.46,4,2,0.18,0.0,5,41,0.083,77,451.38,447.38,500.0,4,750.0
run_1789714919,rnd_task_004,robot_4,North,North,30.2,2,1,0.46,4,1,0.13,0.03,5,41,0.084,68,531.86,527.86,500.0,5,764.2
run_1789714919,rnd_task_005,robot_1,North,South,50.67,4,2,0.46,4,2,0.06,0.16,8,48,0.085,101,534.48,530.48,500.0,6,798.4
run_1789714919,rnd_task_006,robot_3,North,South,65.89,4,2,0.46,4,2,0.11,0.15,6,48,0.111,101,416.18,412.18,500.0,6,650.6
run_1789714919,rnd_task_007,robot_4,South,North,66.35,4,2,0.46,4,2,0.03,0.12,10,70,0.11,143,682.84,678.84,500.0,7,986.22
run_1789714919,rnd_task_008,robot_2,North,South,6.0,0,2,0.46,4,2,0.08,0.04,7,47,0.086,134,409.02,405.02,500.0,5,793.14
run_1789714919,rnd_task_009,robot_1,North,Central,64.69,4,2,0.46,4,2,0.02,0.14,6,42,0.098,62,422.0,418.0,500.0,6,635.2
run_1789714919,rnd_task_010,robot_3,Central,North,100.1,4,2,0.46,4,2,0.05,0.24,8,53,0.096,52,375.02,371.02,500.0,6,837.0
run_1789714919,rnd_task_011,robot_2,South,North,73.22,4,2,0.46,4,2,0.0,0.18,7,38,0.076,36,331.76,327.76,500.0,7,763.14
run_1789714919,rnd_task_012,robot_4,Central,North,31.22,2,0,0.46,4,2,0.04,0.04,7,32,0.084,36,375.4,371.4,500.0,5,595.14
run_1789714919,rnd_task_013,robot_1,North,South,6.13,1,2,0.46,4,2,0.02,0.08,7,37,0.077,36,492.58,488.58,500.0,6,704.6
run_1789714919,rnd_task_014,robot_3,North,North,53.01,2,1,0.46,4,1,0.01,0.09,7,41,0.087,90,318.82,314.82,500.0,6,689.4
run_1789714919,rnd_task_015,robot_4,South,North,82.81,4,2,0.46,4,2,0.04,0.41,10,82,0.095,132,865.34,861.34,500.0,8,1282.78
run_1789714919,rnd_task_016,robot_2,North,South,59.88,4,2,0.46,4,2,0.05,0.26,7,52,0.121,101,494.04,490.04,500.0,5,659.0
run_1789714919,rnd_task_017,robot_1,South,North,97.33,4,2,0.46,4,2,0.08,0.03,6,43,0.075,103,401.44,397.44,500.0,5,852.4
run_1789714919,rnd_task_018,robot_3,Central,South,57.08,2,1,0.46,4,2,0.07,0.09,6,35,0.079,38,305.34,301.34,500.0,4,630.4
run_1789714919,rnd_task_019,robot_2,Central,Central,78.22,4,2,0.46,4,1,0.02,0.42,5,37,0.09,31,237.54,233.54,500.0,4,597.0
run_1789714919,rnd_task_021,robot_3,South,Central,22.65,2,0,0.46,4,2,0.0,0.18,9,56,0.137,49,225.56,221.56,500.0,2,625.6
run_1789717422,rnd_task_001,robot_1,South,South,24.94,2,0,0.46,4,1,0.04,0.01,3,28,0.07,81,252.2,248.2,500.0,3,511.2
run_1789717422,rnd_task_002,robot_2,North,North,35.25,2,1,0.46,4,1,0.06,0.08,7,53,0.092,121,552.78,548.78,500.0,6,911.5
run_1789717422,rnd_task_003,robot_3,South,North,0.49,0,2,0.46,4,2,0.14,0.01,5,41,0.085,93,429.26,425.26,500.0,4,728.2
run_1789717422,rnd_task_004,robot_4,North,North,30.2,2,1,0.46,4,1,0.12,0.11,5,41,0.085,88,512.98,508.98,500.0,5,749.8
run_1789717422,rnd_task_005,robot_1,North,South,50.67,4,2,0.46,4,2,0.01,0.31,8,42,0.078,77,523.02,519.02,500.0,6,795.6
run_1789717422,rnd_task_006,robot_3,North,South,65.89,4,2,0.46,4,2,0.05,0.23,6,35,0.087,50,368.28,364.28,500.0,6,623.6
run_1789717422,rnd_task_007,robot_4,South,North,66.35,4,2,0.46,4,2,0.04,0.15,10,59,0.091,98,685.5,681.5,500.0,7,983.62
run_1789717422,rnd_task_008,robot_2,North,South,6.0,0,2,0.46,4,2,0.07,0.1,7,45,0.084,84,398.26,394.26,500.0,5,766.4
run_1789717422,rnd_task_009,robot_1,North,Central,64.69,4,2,0.46,4,2,0.04,0.13,6,37,0.087,49,412.7,408.7,500.0,6,623.24
run_1789717422,rnd_task_010,robot_3,Central,North,100.1,4,2,0.46,4,2,0.05,0.36,7,46,0.094,50,281.88,277.88,500.0,6,723.4
run_1789717422,rnd_task_011,robot_2,South,North,73.22,4,2,0.46,4,2,0.0,0.18,8,38,0.077,21,327.46,323.46,500.0,7,753.24
run_1789717422,rnd_task_012,robot_4,Central,North,31.22,2,0,0.46,4,2,0.06,0.03,8,37,0.099,21,369.96,365.96,500.0,5,583.2
run_1789717422,rnd_task_013,robot_1,North,South,43.19,4,2,0.46,4,2,0.05,0.0,6,36,0.075,40,479.8,475.8,500.0,6,692.14
run_1789717422,rnd_task_014,robot_3,North,North,53.01,2,1,0.46,4,1,0.01,0.0,6,31,0.066,50,308.12,304.12,500.0,6,671.4
run_1789717422,rnd_task_015,robot_4,South,North,82.81,4,2,0.46,4,2,0.04,0.19,11,88,0.106,107,865.74,861.74,500.0,8,1285.4
run_1789717422,rnd_task_016,robot_2,North,South,59.88,4,2,0.46,4,2,0.09,0.17,6,47,0.109,78,502.18,498.18,500.0,5,661.0
run_1789717422,rnd_task_017,robot_1,South,North,97.33,4,2,0.46,4,2,0.09,0.04,7,59,0.104,70,392.84,388.84,500.0,6,861.8
run_1789717422,rnd_task_018,robot_3,Central,South,57.08,2,1,0.46,4,2,0.02,0.0,5,47,0.107,55,290.04,286.04,500.0,4,616.92
run_1789717422,rnd_task_019,robot_2,Central,Central,78.22,4,2,0.46,4,1,0.0,0.0,6,40,0.111,29,157.36,153.36,500.0,4,521.4
run_1789717422,rnd_task_020,robot_3,South,South,22.15,2,0,0.46,4,1,0.0,0.18,7,35,0.163,18,59.7,55.7,500.0,3,306.0
run_1789719517,rnd_task_001,robot_1,North,North,29.43,2,1,0.46,4,1,0.02,0.0,5,35,0.088,70,470.52,466.52,500.0,4,615.2
run_1789719517,rnd_task_002,robot_4,North,South,0.49,0,2,0.46,4,2,0.07,0.1,9,64,0.089,117,670.02,666.02,500.0,8,1124.72
run_1789719517,rnd_task_003,robot_2,South,Central,79.61,4,2,0.46,4,2,0.02,0.0,4,21,0.071,57,236.92,232.92,500.0,3,422.8
run_1789719517,rnd_task_004,robot_3,North,South,60.51,4,2,0.46,4,2,0.04,0.19,7,47,0.085,93,695.26,691.26,500.0,6,850.8
run_1789719517,rnd_task_005,robot_2,Central,North,48.55,2,1,0.46,4,2,0.02,0.0,5,21,0.091,23,108.66,104.66,500.0,4,306.6
run_1789719517,rnd_task_006,robot_1,North,Central,34.8,2,1,0.46,4,2,0.0,0.18,4,18,0.068,42,211.68,207.68,500.0,5,351.4
run_1789719517,rnd_task_007,robot_2,South,Central,80.3,4,2,0.46,4,2,0.13,0.0,6,39,0.083,97,453.42,449.42,500.0,6,696.6
run_1789719517,rnd_task_008,robot_3,North,South,0.85,0,2,0.46,4,2,0.03,0.04,8,49,0.083,100,621.74,617.74,500.0,6,894.3
run_1789719517,rnd_task_009,robot_1,North,Central,53.26,2,1,0.46,4,2,0.03,0.23,8,59,0.1,92,384.58,380.58,500.0,6,898.8
run_1789719517,rnd_task_010,robot_4,North,North,0.67,0,1,0.46,4,1,0.16,0.11,8,60,0.103,86,536.02,532.02,500.0,7,896.68
run_1789719517,rnd_task_011,robot_2,South,South,0.51,0,0,0.46,4,1,0.0,0.18,5,30,0.11,16,185.84,181.84,500.0,4,380.6
run_1789719517,rnd_task_012,robot_3,South,North,47.09,4,2,0.46,4,2,0.03,0.2,8,53,0.126,45,484.02,480.02,500.0,7,637.2
run_1789719517,rnd_task_013,robot_1,North,North,30.7,2,1,0.46,4,1,0.0,0.18,4,25,0.096,28,166.18,162.18,500.0,4,354.56
run_1789719517,rnd_task_014,robot_2,North,North,9.66,2,0,0.46,4,1,0.03,0.01,9,49,0.123,45,418.78,414.78,500.0,6,620.4
run_1789719517,rnd_task_015,robot_4,Central,North,31.22,2,0,0.46,4,2,0.07,0.25,7,42,0.125,45,365.5,361.5,500.0,6,511.2
run_1789719517,rnd_task_016,robot_1,South,Central,28.02,2,0,0.46,4,2,0.06,0.08,9,65,0.132,47,444.86,440.86,500.0,7,727.0
run_1789719517,rnd_task_017,robot_3,North,North,13.2,2,0,0.46,4,1,0.0,0.18,4,30,0.189,0,68.4,64.4,500.0,4,221.8
run_1789719517,rnd_task_018,robot_2,North,Central,22.67,2,0,0.46,4,2,0.08,0.11,5,30,0.126,30,190.52,186.52,500.0,4,366.4
run_1789719517,rnd_task_020,robot_3,North,South,67.38,4,2,0.46,4,2,0.06,0.0,6,30,0.07,57,408.88,404.88,500.0,3,656.2
run_1789719517,rnd_task_021,robot_2,North,Central,87.28,4,2,0.46,4,2,0.09,0.02,5,23,0.089,27,124.04,120.04,500.0,2,382.4
run_1789718463,rnd_task_001,robot_4,North,North,22.26,2,1,0.46,4,1,0.09,0.09,4,29,0.084,71,354.2,350.2,500.0,4,546.6
run_1789718463,rnd_task_002,robot_3,South,North,0.67,0,2,0.46,4,2,0.11,0.06,6,41,0.076,81,418.92,414.92,500.0,6,759.2
run_1789718463,rnd_task_003,robot_1,Central,Central,42.28,2,0,0.46,4,1,0.07,0.12,3,23,0.078,61,256.68,252.68,500.0,3,410.26
run_1789718463,rnd_task_004,robot_2,Central,South,69.97,4,2,0.46,4,2,0.02,0.01,5,34,0.083,72,495.7,491.7,500.0,5,652.0
run_1789718463,rnd_task_005,robot_1,North,Central,81.91,4,2,0.46,4,2,0.06,0.05,7,44,0.059,204,676.08,672.08,500.0,8,1147.58
run_1789718463,rnd_task_006,robot_4,North,North,35.25,2,1,0.46,4,1,0.08,0.17,5,36,0.078,138,324.7,320.7,500.0,5,696.0
run_1789718463,rnd_task_007,robot_2,North,South,68.9,4,2,0.46,4,2,0.05,0.12,5,36,0.062,188,695.56,691.56,500.0,6,897.88
run_1789718463,rnd_task_008,robot_3,North,North,0.85,0,1,0.46,4,1,0.1,0.0,3,24,0.068,128,237.22,233.22,500.0,3,473.4
run_1789718463,rnd_task_009,robot_4,North,South,66.1,4,2,0.46,4,2,0.05,0.0,6,47,0.084,106,623.22,619.22,500.0,5,854.0
run_1789718463,rnd_task_010,robot_3,South,North,48.14,4,2,0.46,4,2,0.02,0.04,5,47,0.079,106,634.36,630.36,500.0,6,881.6
run_1789718463,rnd_task_011,robot_1,South,North,6.0,1,2,0.46,4,2,0.03,0.0,6,48,0.109,51,370.78,366.78,500.0,6,661.2
run_1789718463,rnd_task_012,robot_2,Central,South,0.85,0,2,0.46,4,2,0.03,0.0,5,43,0.105,50,369.88,365.88,500.0,5,607.4
run_1789718463,rnd_task_013,robot_4,North,North,21.6,2,0,0.46,4,1,0.0,0.18,6,30,0.078,1,452.06,448.06,500.0,6,540.8
run_1789718463,rnd_task_014,robot_3,South,North,79.73,4,2,0.46,4,2,0.01,0.46,11,71,0.099,13,712.68,708.68,500.0,9,1107.0
run_1789718463,rnd_task_015,robot_2,Central,North,85.1,4,2,0.46,4,2,0.0,0.18,8,42,0.094,13,337.98,333.98,500.0,5,659.62
run_1789718463,rnd_task_016,robot_1,South,South,47.38,2,1,0.46,4,1,0.0,0.46,8,52,0.097,12,397.14,393.14,500.0,5,827.0
run_1789718463,rnd_task_017,robot_4,North,North,8.95,2,0,0.46,4,1,0.0,0.18,6,25,0.071,12,203.82,199.82,500.0,5,476.86
run_1789718463,rnd_task_018,robot_2,Central,South,73.25,4,2,0.46,4,2,0.0,0.18,5,23,0.099,0,219.04,215.04,500.0,5,344.8
run_1789718463,rnd_task_019,robot_1,North,North,37.05,2,1,0.46,4,1,0.06,0.2,5,30,0.068,81,402.46,398.46,500.0,4,672.8
run_1789718463,rnd_task_020,robot_4,Central,Central,98.97,4,2,0.46,4,1,0.02,0.16,5,25,0.072,40,230.8,226.8,500.0,3,528.4
run_1789296146,rnd_task_001,robot_1,South,South,24.94,2,0,0.46,4,1,0.03,0.01,3,34,0.09,64,257.9,253.9,500.0,3,513.28
run_1789296146,rnd_task_002,robot_2,North,North,35.25,2,1,0.46,4,1,0.08,0.12,7,64,0.114,97,544.26,540.26,500.0,6,891.2
run_1789296146,rnd_task_003,robot_3,South,North,85.6,4,2,0.46,4,2,0.06,0.13,5,47,0.094,64,437.84,433.84,500.0,4,725.26
run_1789296146,rnd_task_004,robot_4,North,North,30.2,2,1,0.46,4,1,0.02,0.29,5,47,0.102,46,483.58,479.58,500.0,5,723.36
run_1789296146,rnd_task_005,robot_1,North,South,50.67,4,2,0.46,4,2,0.03,0.29,8,49,0.087,59,550.12,546.12,500.0,6,808.6
run_1789296146,rnd_task_006,robot_3,North,South,6.03,0,2,0.46,4,2,0.02,0.27,6,41,0.101,42,390.28,386.28,500.0,6,632.72
run_1789296146,rnd_task_007,robot_4,South,North,66.35,4,2,0.46,4,2,0.06,0.19,10,66,0.098,132,735.92,731.92,500.0,7,1039.2
run_1789296146,rnd_task_008,robot_2,North,South,91.22,4,2,0.46,4,2,0.09,0.08,6,36,0.065,115,392.08,388.08,500.0,5,765.38
run_1789296146,rnd_task_009,robot_1,North,Central,64.69,4,2,0.46,4,2,0.05,0.04,6,41,0.094,93,424.58,420.58,500.0,6,637.8
run_1789296146,rnd_task_010,robot_3,Central,North,100.1,4,2,0.46,4,2,0.06,0.24,8,48,0.088,105,361.36,357.36,500.0,6,815.2
run_1789296146,rnd_task_011,robot_2,South,North,6.0,1,2,0.46,4,2,0.0,0.18,8,48,0.096,36,352.92,348.92,500.0,6,771.92
run_1789296146,rnd_task_012,robot_4,Central,North,6.11,1,2,0.46,4,2,0.03,0.13,6,31,0.08,36,385.5,381.5,500.0,5,597.12
run_1789296146,rnd_task_013,robot_1,North,South,43.19,4,2,0.46,4,2,0.04,0.06,6,31,0.063,37,499.8,495.8,500.0,6,703.0
run_1789296146,rnd_task_014,robot_3,North,North,53.01,2,1,0.46,4,1,0.01,0.24,7,36,0.078,17,310.86,306.86,500.0,6,666.0
run_1789296146,rnd_task_015,robot_2,South,North,6.24,1,2,0.46,4,2,0.03,0.0,10,58,0.081,65,738.52,734.52,500.0,6,1109.82
run_1789296146,rnd_task_016,robot_4,North,South,59.88,4,2,0.46,4,2,0.02,0.01,7,42,0.084,39,530.9,526.9,500.0,5,758.4
run_1789296146,rnd_task_017,robot_1,South,North,97.33,4,2,0.46,4,2,0.02,0.0,8,52,0.091,62,418.02,414.02,500.0,5,860.18
run_1789296146,rnd_task_018,robot_3,Central,South,57.08,2,1,0.46,4,2,0.04,0.13,6,35,0.075,62,350.72,346.72,500.0,4,666.4
run_1789296146,rnd_task_019,robot_4,Central,Central,78.22,4,2,0.46,4,1,0.0,0.18,6,35,0.098,19,170.04,166.04,500.0,4,512.8
run_1789296146,rnd_task_021,robot_3,South,Central,22.65,2,0,0.46,4,2,0.0,0.18,8,33,0.08,50,203.64,199.64,500.0,1,597.2
run_1789297281,rnd_task_001,robot_4,North,North,22.26,2,1,0.46,4,1,0.0,0.0,4,35,0.092,50,365.9,361.9,500.0,4,562.6
run_1789297281,rnd_task_002,robot_3,South,North,52.36,4,2,0.46,4,2,0.1,0.03,6,47,0.089,53,429.66,425.66,500.0,6,763.82
run_1789297281,rnd_task_003,robot_1,Central,Central,42.28,2,0,0.46,4,1,0.08,0.09,3,23,0.078,34,256.16,252.16,500.0,3,411.7
run_1789297281,rnd_task_004,robot_2,Central,South,69.97,4,2,0.46,4,2,0.03,0.0,5,41,0.102,34,475.64,471.64,500.0,5,648.8
run_1789297281,rnd_task_005,robot_1,North,Central,81.91,4,2,0.46,4,2,0.05,0.07,7,55,0.075,138,678.94,674.94,500.0,6,1145.56
run_1789297281,rnd_task_006,robot_4,North,North,35.25,2,1,0.46,4,1,0.06,0.08,5,36,0.073,84,372.8,368.8,500.0,5,736.0
run_1789297281,rnd_task_007,robot_2,North,South,0.67,0,2,0.46,4,2,0.07,0.11,5,37,0.059,122,708.04,704.04,500.0,4,908.84
run_1789297281,rnd_task_008,robot_3,North,North,29.54,2,1,0.46,4,1,0.06,0.0,3,24,0.068,80,228.86,224.86,500.0,3,471.0
run_1789368295,rnd_task_001,robot_1,South,South,24.94,2,0,0.46,4,1,0.07,0.0,3,28,0.069,78,252.0,248.0,500.0,0,521.2
run_1789745490,rnd_task_001,robot_4,North,North,22.26,2,1,0.46,4,1,0.05,0.08,4,35,0.095,71,350.02,346.02,500.0,4,545.02
run_1789745490,rnd_task_002,robot_3,South,North,0.67,0,2,0.46,4,2,0.12,0.11,6,47,0.086,88,464.14,460.14,500.0,6,791.0
run_1789745490,rnd_task_003,robot_1,Central,Central,42.28,2,0,0.46,4,1,0.06,0.01,4,34,0.122,44,256.72,252.72,500.0,3,409.4
run_1789745490,rnd_task_004,robot_2,Central,South,6.03,1,2,0.46,4,2,0.07,0.02,6,45,0.11,74,491.06,487.06,500.0,5,657.0
run_1789745490,rnd_task_005,robot_1,North,Central,81.91,4,2,0.46,4,2,0.09,0.03,6,38,0.05,212,689.52,685.52,500.0,8,1161.06
run_1789745490,rnd_task_006,robot_4,North,North,0.51,0,1,0.46,4,1,0.12,0.07,5,36,0.069,87,410.46,406.46,500.0,6,782.2
run_1789745490,rnd_task_007,robot_2,North,South,68.9,4,2,0.46,4,2,0.13,0.09,6,36,0.057,179,754.02,750.02,500.0,7,975.4
run_1789745490,rnd_task_008,robot_3,North,North,29.54,2,1,0.46,4,1,0.12,0.04,3,19,0.048,70,238.96,234.96,500.0,3,497.8
run_1789745490,rnd_task_009,robot_3,North,South,66.1,4,2,0.46,4,2,0.14,0.03,4,36,0.069,190,607.92,603.92,500.0,6,815.18
run_1789745490,rnd_task_010,robot_4,South,North,48.14,4,2,0.46,4,2,0.1,0.06,7,53,0.076,190,769.68,765.68,500.0,7,1023.64
run_1789745490,rnd_task_011,robot_1,South,North,6.0,1,2,0.46,4,2,0.0,0.18,6,46,0.101,84,386.6,382.6,500.0,5,670.6
run_1789745490,rnd_task_012,robot_2,Central,South,5.77,1,2,0.46,4,2,0.03,0.0,5,42,0.102,81,363.56,359.56,500.0,4,605.4
run_1789745490,rnd_task_013,robot_3,North,North,5.89,1,0,0.46,4,1,0.0,0.18,4,30,0.077,0,450.9,446.9,500.0,6,545.12
run_1789745490,rnd_task_014,robot_1,South,North,6.0,0,2,0.46,4,2,0.02,0.13,12,66,0.092,29,726.82,722.82,500.0,8,1128.4
run_1789745490,rnd_task_015,robot_2,Central,North,6.03,1,2,0.46,4,2,0.0,0.18,8,46,0.099,0,354.36,350.36,500.0,4,685.4
run_1789745490,rnd_task_016,robot_4,South,South,6.0,0,1,0.46,4,1,0.0,0.46,9,54,0.092,0,467.94,463.94,500.0,6,888.2
run_1789745490,rnd_task_017,robot_3,North,North,6.0,0,0,0.46,4,1,0.0,0.18,6,36,0.114,0,178.1,174.1,500.0,4,456.6
run_1789745490,rnd_task_018,robot_2,Central,South,73.25,4,2,0.46,4,2,0.0,0.18,4,18,0.074,29,233.44,229.44,500.0,5,349.66
run_1789745490,rnd_task_019,robot_3,North,North,37.05,2,1,0.46,4,1,0.02,0.06,4,19,0.057,32,243.96,239.96,500.0,4,494.0
run_1789745490,rnd_task_020,robot_4,Central,Central,98.97,4,2,0.46,4,1,0.08,0.0,4,24,0.061,150,298.56,294.56,500.0,3,593.22
run_1789746520,rnd_task_001,robot_1,North,North,29.43,2,1,0.46,4,1,0.02,0.0,5,29,0.07,55,479.26,475.26,500.0,4,631.74
run_1789746520,rnd_task_002,robot_4,North,South,97.58,4,2,0.46,4,2,0.06,0.17,9,88,0.104,109,701.4,697.4,500.0,8,1152.0
run_1789746520,rnd_task_003,robot_2,South,Central,79.61,4,2,0.46,4,2,0.07,0.09,4,21,0.069,35,253.8,249.8,500.0,3,432.4
run_1789746520,rnd_task_004,robot_3,North,South,6.2,1,2,0.46,4,2,0.1,0.11,8,76,0.131,79,755.12,751.12,500.0,6,915.32
run_1789746520,rnd_task_005,robot_2,Central,North,0.88,0,2,0.46,4,2,0.05,0.0,5,15,0.073,21,104.42,100.42,500.0,4,302.4
run_1789746520,rnd_task_006,robot_1,North,Central,34.8,2,1,0.46,4,2,0.0,0.18,4,47,0.211,37,207.06,203.06,500.0,4,340.82
run_1789746520,rnd_task_007,robot_2,South,Central,80.3,4,2,0.46,4,2,0.03,0.0,6,69,0.157,47,445.7,441.7,500.0,6,689.8
run_1789746520,rnd_task_008,robot_3,North,South,64.2,4,2,0.46,4,2,0.07,0.0,8,48,0.083,51,614.6,610.6,500.0,5,863.4
run_1789746520,rnd_task_009,robot_1,North,Central,53.26,2,1,0.46,4,2,0.0,0.18,8,60,0.101,51,403.68,399.68,500.0,7,911.2
run_1789746520,rnd_task_010,robot_4,North,North,37.44,2,1,0.46,4,1,0.08,0.06,9,65,0.093,84,697.44,693.44,500.0,7,1070.06
run_1789746520,rnd_task_011,robot_2,South,South,24.94,2,0,0.46,4,1,0.11,0.01,6,29,0.098,29,216.14,212.14,500.0,4,407.8
run_1789746520,rnd_task_013,robot_3,North,North,30.7,2,1,0.46,4,1,0.05,0.37,7,36,0.123,58,251.5,247.5,500.0,6,421.08
run_1789746520,rnd_task_014,robot_2,North,North,9.66,2,0,0.46,4,1,0.0,0.18,7,37,0.09,102,418.86,414.86,500.0,7,625.0
run_1789746520,rnd_task_015,robot_1,Central,North,31.22,2,0,0.46,4,2,0.06,0.16,4,25,0.085,59,166.32,162.32,500.0,5,424.78
run_1789746520,rnd_task_016,robot_4,South,Central,28.02,2,0,0.46,4,2,0.0,0.46,8,51,0.079,115,624.6,620.6,500.0,8,931.2
run_1789746520,rnd_task_017,robot_3,North,North,0.85,0,0,0.46,4,1,0.02,0.21,4,19,0.057,79,149.0,145.0,500.0,5,424.4
run_1789746520,rnd_task_018,robot_1,North,Central,22.67,2,0,0.46,4,2,0.01,0.27,5,34,0.106,78,256.2,252.2,500.0,5,529.4
run_1789746520,rnd_task_019,robot_2,South,North,61.02,4,2,0.46,4,2,0.05,0.08,6,37,0.076,65,633.2,629.2,500.0,5,762.14
run_1789746520,rnd_task_020,robot_3,North,South,0.67,0,2,0.46,4,2,0.04,0.0,5,36,0.087,33,394.28,390.28,500.0,4,642.6
run_1789746520,rnd_task_021,robot_1,North,Central,87.28,4,2,0.46,4,2,0.04,0.0,4,14,0.055,33,120.92,116.92,500.0,3,364.8
run_1789662418,rnd_task_003,robot_1,Central,Central,42.28,2,0,0.46,4,1,0.05,0.05,4,28,0.1,59,255.98,251.98,500.0,0,401.2
run_1789661254,rnd_task_001,robot_1,South,South,0.85,0,0,0.46,4,1,0.02,0.0,3,28,0.07,77,247.06,243.06,500.0,3,513.04
run_1789661254,rnd_task_002,robot_2,North,North,35.25,2,1,0.46,4,1,0.04,0.14,7,59,0.103,99,555.18,551.18,500.0,6,911.34
run_1789661254,rnd_task_003,robot_3,South,North,85.6,4,2,0.46,4,2,0.12,0.01,5,47,0.097,60,427.88,423.88,500.0,4,739.2
run_1789661254,rnd_task_004,robot_4,North,North,30.2,2,1,0.46,4,1,0.11,0.03,5,47,0.092,54,510.68,506.68,500.0,5,759.24
run_1789661254,rnd_task_005,robot_1,North,South,50.67,4,2,0.46,4,2,0.12,0.16,8,48,0.09,87,524.88,520.88,500.0,6,799.4
run_1789661254,rnd_task_006,robot_3,North,South,65.89,4,2,0.46,4,2,0.15,0.14,6,36,0.088,79,397.44,393.44,500.0,6,633.6
run_1789661254,rnd_task_007,robot_4,South,North,66.35,4,2,0.46,4,2,0.04,0.11,10,53,0.08,155,699.56,695.56,500.0,7,999.0
run_1789661254,rnd_task_008,robot_2,North,South,6.0,0,2,0.46,4,2,0.06,0.11,7,35,0.066,142,404.88,400.88,500.0,5,783.5
run_1789661254,rnd_task_009,robot_1,North,Central,64.69,4,2,0.46,4,2,0.03,0.14,6,31,0.069,85,415.62,411.62,500.0,6,633.6
run_1789661254,rnd_task_010,robot_3,Central,North,100.1,4,2,0.46,4,2,0.04,0.32,7,41,0.083,73,285.46,281.46,500.0,6,727.2
run_1789661254,rnd_task_011,robot_2,South,North,73.22,4,2,0.46,4,2,0.0,0.18,8,38,0.076,25,335.56,331.56,500.0,6,760.8
run_1789661254,rnd_task_012,robot_4,Central,North,31.22,2,0,0.46,4,2,0.03,0.28,7,36,0.098,25,354.8,350.8,500.0,5,570.6
run_1789661254,rnd_task_013,robot_1,North,South,6.13,1,2,0.46,4,2,0.01,0.0,6,31,0.063,46,484.28,480.28,500.0,5,696.8
run_1789661254,rnd_task_014,robot_3,North,North,6.0,0,1,0.46,4,1,0.01,0.0,6,31,0.065,65,308.04,304.04,500.0,5,677.6
run_1789661254,rnd_task_016,robot_2,North,South,59.88,4,2,0.46,4,2,0.1,0.15,6,47,0.111,116,486.2,482.2,500.0,4,647.2
run_1789661254,rnd_task_017,robot_1,South,North,6.0,0,2,0.46,4,2,0.04,0.0,7,54,0.098,112,387.34,383.34,500.0,5,834.52
run_1789661254,rnd_task_018,robot_3,Central,South,57.08,2,1,0.46,4,2,0.02,0.0,5,47,0.109,89,281.04,277.04,500.0,3,604.0
run_1789661254,rnd_task_019,robot_2,Central,Central,78.22,4,2,0.46,4,1,0.03,0.01,5,35,0.093,27,181.86,177.86,500.0,3,535.0
run_1789661254,rnd_task_020,robot_3,South,South,0.85,0,0,0.46,4,1,0.0,0.18,5,25,0.113,10,63.06,59.06,500.0,2,299.8
run_1789661254,rnd_task_023,robot_3,South,South,32.98,2,1,0.46,4,1,0.0,0.18,3,30,0.071,60,283.2,279.2,500.0,0,481.0
run_1789751830,rnd_task_001,robot_1,South,South,0.85,0,0,0.46,4,1,0.04,0.02,3,28,0.071,71,256.06,252.06,500.0,3,505.86
run_1789751830,rnd_task_002,robot_2,North,North,35.25,2,1,0.46,4,1,0.07,0.12,7,52,0.095,141,513.38,509.38,500.0,6,863.08
run_1789751830,rnd_task_003,robot_3,South,North,85.6,4,2,0.46,4,2,0.06,0.15,5,41,0.09,85,405.94,401.94,500.0,4,690.8
run_1789751830,rnd_task_004,robot_4,North,North,30.2,2,1,0.46,4,1,0.02,0.25,5,41,0.09,76,479.24,475.24,500.0,5,711.8
run_1789751830,rnd_task_005,robot_1,North,South,50.67,4,2,0.46,4,2,0.04,0.08,8,43,0.082,101,512.32,508.32,500.0,6,782.86
run_1789751830,rnd_task_006,robot_3,North,South,65.89,4,2,0.46,4,2,0.04,0.23,6,35,0.087,70,392.54,388.54,500.0,6,617.8
run_1789751830,rnd_task_007,robot_4,South,North,66.35,4,2,0.46,4,2,0.03,0.13,10,52,0.088,162,599.22,595.22,500.0,7,884.66
run_1789751830,rnd_task_008,robot_2,North,South,0.49,0,2,0.46,4,2,0.12,0.18,6,30,0.06,121,369.46,365.46,500.0,5,733.6
run_1789751830,rnd_task_009,robot_1,North,Central,64.69,4,2,0.46,4,2,0.09,0.17,6,35,0.084,104,398.84,394.84,500.0,6,597.8
run_1789751830,rnd_task_010,robot_3,Central,North,0.49,0,2,0.46,4,2,0.1,0.28,8,42,0.089,99,275.14,271.14,500.0,6,697.6
run_1789751830,rnd_task_011,robot_2,South,North,73.22,4,2,0.46,4,2,0.0,0.18,8,43,0.092,39,310.46,306.46,500.0,7,720.6
run_1789751830,rnd_task_012,robot_4,Central,North,31.22,2,0,0.46,4,2,0.03,0.26,9,38,0.094,39,427.42,423.42,500.0,5,640.4
run_1789751830,rnd_task_013,robot_1,North,South,43.19,4,2,0.46,4,2,0.06,0.12,7,37,0.08,46,471.9,467.9,500.0,6,674.8
run_1789751830,rnd_task_014,robot_3,North,North,6.0,0,1,0.46,4,1,0.01,0.0,5,30,0.065,61,298.02,294.02,500.0,6,649.4
run_1789751830,rnd_task_015,robot_4,South,North,0.85,0,2,0.46,4,2,0.02,0.19,10,76,0.103,41,755.28,751.28,500.0,8,1162.2
run_1789751830,rnd_task_016,robot_2,North,South,59.88,4,2,0.46,4,2,0.02,0.0,6,29,0.091,33,310.02,306.02,500.0,5,462.6
run_1789751830,rnd_task_017,robot_1,South,North,97.33,4,2,0.46,4,2,0.02,0.0,10,87,0.126,41,646.72,642.72,500.0,6,1079.0
run_1789751830,rnd_task_018,robot_3,Central,South,0.67,0,2,0.46,4,2,0.03,0.0,4,41,0.094,8,274.94,270.94,500.0,4,594.2
run_1789751830,rnd_task_019,robot_2,Central,Central,0.83,0,0,0.46,4,1,0.0,0.18,5,42,0.1,8,271.4,267.4,500.0,4,618.6
run_1789751830,rnd_task_020,robot_3,South,South,22.15,2,0,0.46,4,1,0.0,0.18,7,35,0.169,18,59.08,55.08,500.0,3,295.6
run_1789752831,rnd_task_001,robot_4,North,North,0.49,0,1,0.46,4,1,0.09,0.01,4,23,0.07,53,331.72,327.72,500.0,4,514.86
run_1789752831,rnd_task_002,robot_3,South,North,0.67,0,2,0.46,4,2,0.2,0.04,6,35,0.072,61,418.94,414.94,500.0,6,717.8
run_1789752831,rnd_task_003,robot_1,Central,Central,42.28,2,0,0.46,4,1,0.07,0.07,3,17,0.058,44,235.08,231.08,500.0,3,378.4
run_1789752831,rnd_task_004,robot_2,Central,South,0.85,0,2,0.46,4,2,0.01,0.0,5,28,0.074,49,437.02,433.02,500.0,5,593.4
run_1789752831,rnd_task_005,robot_1,North,Central,81.91,4,2,0.46,4,2,0.07,0.0,8,54,0.075,269,657.22,653.22,500.0,8,1123.6
run_1789752831,rnd_task_006,robot_4,North,North,35.25,2,1,0.46,4,1,0.05,0.0,4,36,0.076,131,302.48,298.48,500.0,5,653.8
run_1789752831,rnd_task_007,robot_2,North,South,68.9,4,2,0.46,4,2,0.23,0.01,7,48,0.085,255,693.24,689.24,500.0,6,891.4
run_1789752831,rnd_task_008,robot_3,North,North,29.54,2,1,0.46,4,1,0.1,0.0,3,30,0.09,123,230.56,226.56,500.0,4,465.0
run_1789752831,rnd_task_009,robot_4,North,South,66.1,4,2,0.46,4,2,0.07,0.0,6,41,0.07,202,655.62,651.62,500.0,6,881.2
run_1789752831,rnd_task_010,robot_3,South,North,48.14,4,2,0.46,4,2,0.13,0.03,5,41,0.07,202,614.84,610.84,500.0,5,855.64
run_1789752831,rnd_task_011,robot_1,South,North,66.86,4,2,0.46,4,2,0.02,0.02,6,37,0.087,73,364.08,360.08,500.0,6,662.86
run_1789752831,rnd_task_012,robot_2,Central,South,74.38,4,2,0.46,4,2,0.08,0.1,5,37,0.089,73,366.74,362.74,500.0,5,608.8
run_1789752831,rnd_task_013,robot_3,North,North,0.85,0,0,0.46,4,1,0.03,0.12,7,36,0.081,26,409.74,405.74,500.0,5,639.6
run_1789752831,rnd_task_014,robot_4,South,North,79.73,4,2,0.46,4,2,0.01,0.46,11,59,0.097,26,425.9,421.9,500.0,7,930.2
run_1789752831,rnd_task_015,robot_2,Central,North,85.1,4,2,0.46,4,2,0.01,0.0,6,36,0.081,26,328.8,324.8,500.0,5,644.8
run_1789752831,rnd_task_016,robot_1,South,South,47.38,2,1,0.46,4,1,0.0,0.18,10,52,0.098,26,388.64,384.64,500.0,5,814.0
run_1789752831,rnd_task_017,robot_3,North,North,8.95,2,0,0.46,4,1,0.02,0.46,7,36,0.11,3,167.5,163.5,500.0,5,471.8
run_1789752831,rnd_task_018,robot_2,Central,South,73.25,4,2,0.46,4,2,0.0,0.18,5,29,0.129,3,215.16,211.16,500.0,4,340.8
run_1789752831,rnd_task_020,robot_1,Central,Central,98.97,4,2,0.46,4,1,0.0,0.18,5,20,0.06,34,208.16,204.16,500.0,3,502.2
run_1789752831,rnd_task_022,robot_3,Central,Central,56.42,2,1,0.46,4,1,0.24,0.08,3,13,0.024,235,320.32,316.32,500.0,1,737.6
run_1789707389,rnd_task_001,robot_1,South,South,24.94,2,0,0.46,4,1,0.05,0.0,3,28,0.072,68,236.12,232.12,500.0,3,498.2
run_1789707389,rnd_task_002,robot_2,North,North,35.25,2,1,0.46,4,1,0.11,0.1,7,53,0.096,104,534.5,530.5,500.0,6,878.2
run_1789707389,rnd_task_003,robot_3,South,North,85.6,4,2,0.46,4,2,0.18,0.06,5,41,0.085,83,422.7,418.7,500.0,4,726.0
run_1789707389,rnd_task_004,robot_4,North,North,30.2,2,1,0.46,4,1,0.15,0.05,5,41,0.088,73,489.04,485.04,500.0,5,728.6
run_1789707389,rnd_task_005,robot_1,North,South,0.49,0,2,0.46,4,2,0.05,0.09,8,42,0.08,114,508.34,504.34,500.0,6,772.4
run_1789707389,rnd_task_006,robot_3,North,South,65.89,4,2,0.46,4,2,0.15,0.11,6,42,0.098,114,402.54,398.54,500.0,6,635.2
run_1789707389,rnd_task_007,robot_4,South,North,66.35,4,2,0.46,4,2,0.04,0.14,10,59,0.094,173,663.86,659.86,500.0,7,961.2
run_1789707389,rnd_task_008,robot_2,North,South,91.22,4,2,0.46,4,2,0.05,0.08,6,40,0.078,157,401.88,397.88,500.0,5,773.6
run_1789707389,rnd_task_009,robot_1,North,Central,64.69,4,2,0.46,4,2,0.05,0.08,6,37,0.087,89,414.88,410.88,500.0,6,623.8
run_1789707389,rnd_task_010,robot_3,Central,North,0.49,0,2,0.46,4,2,0.04,0.27,7,42,0.084,72,290.66,286.66,500.0,6,736.4
run_1789707389,rnd_task_011,robot_2,South,North,6.0,1,2,0.46,4,2,0.0,0.18,8,43,0.088,47,331.04,327.04,500.0,7,750.58
run_1789707389,rnd_task_012,robot_4,Central,North,31.22,2,0,0.46,4,2,0.03,0.19,7,32,0.087,47,362.14,358.14,500.0,5,573.94
run_1789707389,rnd_task_013,robot_1,North,South,6.13,1,2,0.46,4,2,0.04,0.11,6,36,0.076,56,478.94,474.94,500.0,6,682.52
run_1789707389,rnd_task_014,robot_3,North,North,0.67,0,1,0.46,4,1,0.02,0.0,6,40,0.088,49,307.28,303.28,500.0,6,660.6
run_1789707389,rnd_task_015,robot_4,South,North,0.85,0,2,0.46,4,2,0.03,0.34,11,86,0.11,95,766.8,762.8,500.0,8,1202.56
run_1789707389,rnd_task_016,robot_2,North,South,59.88,4,2,0.46,4,2,0.05,0.19,7,47,0.114,74,472.7,468.7,500.0,5,630.0
run_1789707389,rnd_task_017,robot_1,South,North,6.0,0,2,0.46,4,2,0.04,0.0,7,54,0.1,82,381.72,377.72,500.0,5,818.22
run_1789707389,rnd_task_018,robot_3,Central,South,57.08,2,1,0.46,4,2,0.0,0.0,5,41,0.088,68,309.46,305.46,500.0,4,634.0
run_1789707389,rnd_task_019,robot_2,Central,Central,78.22,4,2,0.46,4,1,0.0,0.18,5,36,0.105,26,146.9,142.9,500.0,4,495.4
run_1789707389,rnd_task_021,robot_3,South,Central,22.65,2,0,0.46,4,2,0.03,0.0,8,54,0.136,30,217.64,213.64,500.0,3,603.2
run_1789707389,rnd_task_023,robot_2,South,South,32.98,2,1,0.46,4,1,0.0,0.18,6,47,0.131,22,276.0,272.0,500.0,1,505.0
run_1789708546,rnd_task_001,robot_4,North,North,22.26,2,1,0.46,4,1,0.06,0.04,4,29,0.088,84,338.96,334.96,500.0,4,523.8
run_1789708546,rnd_task_002,robot_3,South,North,52.36,4,2,0.46,4,2,0.17,0.03,6,41,0.08,93,395.22,391.22,500.0,6,724.58
run_1789708546,rnd_task_003,robot_1,Central,Central,42.28,2,0,0.46,4,1,0.06,0.05,3,23,0.082,74,250.22,246.22,500.0,3,391.98
run_1789708546,rnd_task_004,robot_2,Central,South,69.97,4,2,0.46,4,2,0.05,0.0,5,34,0.089,78,449.54,445.54,500.0,5,605.88
run_1789708546,rnd_task_005,robot_1,North,Central,81.91,4,2,0.46,4,2,0.09,0.03,7,49,0.067,175,681.98,677.98,500.0,8,1129.98
run_1789708546,rnd_task_006,robot_4,North,North,35.25,2,1,0.46,4,1,0.11,0.06,5,36,0.076,131,362.86,358.86,500.0,6,712.2
run_1789708546,rnd_task_007,robot_2,North,South,68.9,4,2,0.46,4,2,0.08,0.09,6,43,0.07,161,716.86,712.86,500.0,7,913.4
run_1789708546,rnd_task_008,robot_3,North,North,29.54,2,1,0.46,4,1,0.13,0.0,3,24,0.071,122,215.86,211.86,500.0,3,452.14
run_1789708546,rnd_task_009,robot_3,North,South,66.1,4,2,0.46,4,2,0.02,0.0,4,48,0.091,73,571.32,567.32,500.0,6,788.0
run_1789708546,rnd_task_010,robot_4,South,North,0.67,0,2,0.46,4,2,0.0,0.0,7,65,0.108,73,627.18,623.18,500.0,6,904.36
run_1789708546,rnd_task_011,robot_1,South,North,66.86,4,2,0.46,4,2,0.01,0.0,6,53,0.12,39,379.34,375.34,500.0,6,666.4
run_1789708546,rnd_task_012,robot_2,Central,South,74.38,4,2,0.46,4,2,0.02,0.0,5,53,0.133,39,366.0,362.0,500.0,4,602.6
run_1789708546,rnd_task_013,robot_3,North,North,21.6,2,0,0.46,4,1,0.0,0.18,5,35,0.093,0,448.04,444.04,500.0,5,536.02
run_1789708546,rnd_task_015,robot_2,Central,North,85.1,4,2,0.46,4,2,0.0,0.18,8,42,0.095,0,343.4,339.4,500.0,4,652.4
run_1789708546,rnd_task_016,robot_1,South,South,47.38,2,1,0.46,4,1,0.04,0.09,9,53,0.102,17,386.72,382.72,500.0,3,807.02
run_1789708546,rnd_task_017,robot_3,North,North,8.95,2,0,0.46,4,1,0.0,0.18,7,36,0.119,17,163.9,159.9,500.0,2,438.6
run_1789308224,rnd_task_001,robot_1,South,South,5.89,1,0,0.46,4,1,0.03,0.0,3,27,0.071,51,243.44,239.44,500.0,3,479.0
run_1789308224,rnd_task_002,robot_2,North,North,35.25,2,1,0.46,4,1,0.08,0.17,7,53,0.097,85,539.62,535.62,500.0,6,866.8
run_1789308224,rnd_task_003,robot_3,South,North,85.6,4,2,0.46,4,2,0.03,0.02,5,40,0.087,53,422.78,418.78,500.0,4,687.8
run_1789308224,rnd_task_004,robot_4,North,North,30.2,2,1,0.46,4,1,0.04,0.12,6,35,0.073,56,514.42,510.42,500.0,5,739.98
run_1789308224,rnd_task_005,robot_1,North,South,50.67,4,2,0.46,4,2,0.03,0.2,8,42,0.079,68,531.18,527.18,500.0,6,783.08
run_1789308224,rnd_task_006,robot_3,North,South,65.89,4,2,0.46,4,2,0.08,0.2,7,43,0.101,47,377.14,373.14,500.0,6,635.6
run_1789308224,rnd_task_007,robot_4,South,North,66.35,4,2,0.46,4,2,0.03,0.06,10,60,0.096,95,678.52,674.52,500.0,7,960.2
run_1789308224,rnd_task_008,robot_2,North,South,6.0,0,2,0.46,4,2,0.08,0.06,7,51,0.09,87,450.24,446.24,500.0,5,817.92
run_1789308224,rnd_task_009,robot_1,North,Central,64.69,4,2,0.46,4,2,0.02,0.0,6,43,0.102,69,412.82,408.82,500.0,6,629.22
run_1789308224,rnd_task_010,robot_3,Central,North,100.1,4,2,0.46,4,2,0.04,0.09,6,42,0.081,104,323.24,319.24,500.0,6,763.2
run_1789308224,rnd_task_011,robot_2,South,North,6.0,1,2,0.46,4,2,0.0,0.18,8,38,0.076,63,347.0,343.0,500.0,6,761.6
run_1789308224,rnd_task_012,robot_4,Central,North,31.22,2,0,0.46,4,2,0.06,0.09,7,36,0.088,60,429.82,425.82,500.0,5,636.8
run_1789308224,rnd_task_013,robot_1,North,South,43.19,4,2,0.46,4,2,0.03,0.01,6,36,0.076,60,480.98,476.98,500.0,5,686.72
run_1789308224,rnd_task_014,robot_3,North,North,6.0,0,1,0.46,4,1,0.01,0.0,6,36,0.076,31,330.2,326.2,500.0,4,686.16
run_1789308224,rnd_task_016,robot_2,North,South,6.0,0,2,0.46,4,2,0.06,0.0,6,40,0.1,32,445.0,441.0,500.0,2,599.04
run_1789709701,rnd_task_001,robot_1,South,South,24.94,2,0,0.46,4,1,0.02,0.02,3,28,0.072,97,249.0,245.0,500.0,3,503.0
run_1789709701,rnd_task_002,robot_2,North,North,0.79,0,1,0.46,4,1,0.09,0.1,7,53,0.093,146,557.1,553.1,500.0,6,903.0
run_1789709701,rnd_task_003,robot_3,South,North,0.99,0,2,0.46,4,2,0.12,0.03,5,41,0.084,112,438.96,434.96,500.0,4,735.2
run_1789709701,rnd_task_004,robot_4,North,North,30.2,2,1,0.46,4,1,0.11,0.03,5,41,0.087,91,504.66,500.66,500.0,5,738.0
run_1789709701,rnd_task_005,robot_1,North,South,50.67,4,2,0.46,4,2,0.02,0.42,8,42,0.08,93,511.98,507.98,500.0,6,776.8
run_1789709701,rnd_task_006,robot_3,North,South,65.89,4,2,0.46,4,2,0.13,0.19,6,36,0.089,86,364.8,360.8,500.0,6,629.48
run_1789709701,rnd_task_007,robot_4,South,North,0.51,0,2,0.46,4,2,0.08,0.07,10,53,0.082,165,678.96,674.96,500.0,7,971.6
run_1789709701,rnd_task_008,robot_2,North,South,91.22,4,2,0.46,4,2,0.07,0.16,6,34,0.066,139,400.22,396.22,500.0,5,763.0
run_1789709701,rnd_task_009,robot_1,North,Central,64.69,4,2,0.46,4,2,0.09,0.13,6,31,0.071,100,412.3,408.3,500.0,6,620.2
run_1789709701,rnd_task_010,robot_3,Central,North,100.1,4,2,0.46,4,2,0.04,0.32,7,41,0.084,76,277.14,273.14,500.0,6,711.8
run_1789709701,rnd_task_011,robot_2,South,North,73.22,4,2,0.46,4,2,0.0,0.18,8,38,0.078,19,323.64,319.64,500.0,6,742.0
run_1789709701,rnd_task_012,robot_4,Central,North,31.22,2,0,0.46,4,2,0.05,0.32,7,32,0.091,18,342.02,338.02,500.0,5,551.0
run_1789709701,rnd_task_013,robot_1,North,South,6.13,1,2,0.46,4,2,0.02,0.08,6,36,0.076,30,477.28,473.28,500.0,5,680.6
run_1789709701,rnd_task_014,robot_3,North,North,6.0,0,1,0.46,4,1,0.01,0.0,7,36,0.08,26,307.6,303.6,500.0,5,648.32
run_1789709701,rnd_task_016,robot_2,North,South,6.0,0,2,0.46,4,2,0.1,0.33,6,40,0.099,47,462.54,458.54,500.0,3,608.4
run_1789709701,rnd_task_017,robot_1,South,North,6.0,0,2,0.46,4,2,0.07,0.05,6,42,0.076,36,419.7,415.7,500.0,3,811.2
run_1789709701,rnd_task_019,robot_2,Central,Central,6.0,0,0,0.46,4,1,0.0,0.18,3,18,0.045,1,157.88,153.88,500.0,2,487.0
run_1789709701,rnd_task_020,robot_1,South,South,0.85,0,0,0.46,4,1,0.07,0.0,6,31,0.05,118,487.68,483.68,500.0,3,878.2
run_1789709701,rnd_task_021,robot_2,South,Central,22.65,2,0,0.46,4,2,0.18,0.0,3,17,0.036,118,273.28,269.28,500.0,1,556.68
run_1789709701,rnd_task_024,robot_2,South,North,73.24,4,2,0.46,4,2,0.0,0.18,4,18,0.041,0,316.52,312.52,500.0,1,640.6
run_1789711019,rnd_task_001,robot_4,North,North,22.26,2,1,0.46,4,1,0.05,0.01,4,23,0.067,45,347.4,343.4,500.0,4,538.6
run_1789711019,rnd_task_002,robot_3,South,North,52.36,4,2,0.46,4,2,0.03,0.04,6,35,0.07,53,412.14,408.14,500.0,6,744.0
run_1789711019,rnd_task_003,robot_1,Central,Central,42.28,2,0,0.46,4,1,0.12,0.05,4,22,0.073,34,260.18,256.18,500.0,3,411.4
run_1789711019,rnd_task_004,robot_2,Central,South,69.97,4,2,0.46,4,2,0.07,0.0,5,28,0.07,50,465.5,461.5,500.0,5,630.2
run_1789711019,rnd_task_005,robot_1,North,Central,81.91,4,2,0.46,4,2,0.05,0.05,7,49,0.067,249,664.18,660.18,500.0,8,1137.0
run_1789711019,rnd_task_006,robot_4,North,North,0.51,0,1,0.46,4,1,0.1,0.16,5,43,0.083,169,383.14,379.14,500.0,6,750.6
run_1789711019,rnd_task_007,robot_2,North,South,68.9,4,2,0.46,4,2,0.08,0.02,6,43,0.073,233,721.78,717.78,500.0,7,928.4
run_1789711019,rnd_task_008,robot_3,North,North,29.54,2,1,0.46,4,1,0.1,0.0,3,30,0.088,161,239.44,235.44,500.0,3,475.0
run_1789711019,rnd_task_009,robot_3,North,South,66.1,4,2,0.46,4,2,0.03,0.0,4,36,0.067,115,566.2,562.2,500.0,6,772.0
run_1789711019,rnd_task_010,robot_4,South,North,48.14,4,2,0.46,4,2,0.0,0.0,6,52,0.085,114,603.8,599.8,500.0,6,894.4
run_1789711019,rnd_task_011,robot_1,South,North,66.86,4,2,0.46,4,2,0.01,0.01,6,47,0.111,46,380.0,376.0,500.0,7,664.2
run_1789711019,rnd_task_012,robot_2,Central,South,5.77,1,2,0.46,4,2,0.03,0.04,5,47,0.115,46,368.22,364.22,500.0,4,609.8
run_1789711019,rnd_task_013,robot_3,North,North,0.85,0,0,0.46,4,1,0.0,0.18,5,35,0.091,5,460.6,456.6,500.0,6,550.62
run_1789711019,rnd_task_014,robot_4,South,North,79.73,4,2,0.46,4,2,0.05,0.37,11,67,0.092,65,741.5,737.5,500.0,8,1131.92
run_1789711019,rnd_task_015,robot_2,Central,North,85.1,4,2,0.46,4,2,0.0,0.18,8,42,0.096,25,324.58,320.58,500.0,5,644.12
run_1789711019,rnd_task_016,robot_1,South,South,47.38,2,1,0.46,4,1,0.07,0.34,10,54,0.103,62,390.58,386.58,500.0,6,818.0
run_1789711019,rnd_task_017,robot_3,North,North,8.95,2,0,0.46,4,1,0.0,0.18,7,36,0.116,57,174.64,170.64,500.0,4,447.0
run_1789711019,rnd_task_018,robot_2,Central,South,73.25,4,2,0.46,4,2,0.0,0.18,4,19,0.081,34,218.46,214.46,500.0,5,347.18
run_1789711019,rnd_task_019,robot_3,North,North,0.67,0,1,0.46,4,1,0.03,0.15,5,24,0.072,27,241.7,237.7,500.0,4,499.4
run_1789711019,rnd_task_020,robot_1,Central,Central,98.97,4,2,0.46,4,1,0.0,0.18,5,24,0.07,36,215.28,211.28,500.0,3,512.02
run_1789303990,rnd_task_001,robot_1,South,South,24.94,2,0,0.46,4,1,0.06,0.0,3,28,0.069,95,255.42,251.42,500.0,3,521.4
run_1789303990,rnd_task_002,robot_2,North,North,35.25,2,1,0.46,4,1,0.09,0.09,7,59,0.101,120,559.96,555.96,500.0,6,926.4
run_1789303990,rnd_task_003,robot_3,South,North,0.49,0,2,0.46,4,2,0.17,0.01,5,41,0.082,95,448.72,444.72,500.0,4,752.0
run_1789303990,rnd_task_004,robot_4,North,North,30.2,2,1,0.46,4,1,0.13,0.11,5,41,0.083,93,521.88,517.88,500.0,5,771.04
run_1789303990,rnd_task_005,robot_1,North,South,50.67,4,2,0.46,4,2,0.03,0.26,8,54,0.097,107,525.64,521.64,500.0,6,805.2
run_1789303990,rnd_task_006,robot_3,North,South,65.89,4,2,0.46,4,2,0.1,0.19,6,54,0.127,103,374.58,370.58,500.0,6,645.2
run_1789303990,rnd_task_007,robot_4,South,North,66.35,4,2,0.46,4,2,0.08,0.07,10,77,0.12,177,712.66,708.66,500.0,7,999.2
run_1789303990,rnd_task_008,robot_2,North,South,91.22,4,2,0.46,4,2,0.05,0.15,7,53,0.094,158,401.28,397.28,500.0,5,791.0
run_1789303990,rnd_task_009,robot_1,North,Central,64.69,4,2,0.46,4,2,0.1,0.1,6,43,0.101,89,421.26,417.26,500.0,6,636.2
run_1789303990,rnd_task_010,robot_3,Central,North,100.1,4,2,0.46,4,2,0.0,0.2,7,47,0.096,72,285.42,281.42,500.0,6,731.2
run_1789303990,rnd_task_011,robot_2,South,North,73.22,4,2,0.46,4,2,0.0,0.18,8,43,0.087,25,333.84,329.84,500.0,7,759.2
run_1789303990,rnd_task_012,robot_4,Central,North,31.22,2,0,0.46,4,2,0.02,0.04,8,37,0.098,25,399.82,395.82,500.0,5,592.2
run_1789303990,rnd_task_013,robot_1,North,South,6.13,1,2,0.46,4,2,0.02,0.0,6,31,0.063,42,497.58,493.58,500.0,6,702.8
run_1789303990,rnd_task_014,robot_3,North,North,53.01,2,1,0.46,4,1,0.02,0.0,6,31,0.065,61,314.6,310.6,500.0,6,674.2
run_1789303990,rnd_task_015,robot_4,South,North,82.81,4,2,0.46,4,2,0.03,0.39,10,82,0.101,232,838.4,834.4,500.0,8,1251.8
run_1789303990,rnd_task_016,robot_2,North,South,0.67,0,2,0.46,4,2,0.13,0.0,7,41,0.099,145,469.08,465.08,500.0,5,625.56
run_1789303990,rnd_task_017,robot_1,South,North,97.33,4,2,0.46,4,2,0.12,0.1,9,91,0.118,234,732.28,728.28,500.0,6,1182.0
run_1789303990,rnd_task_018,robot_3,Central,South,0.67,0,2,0.46,4,2,0.05,0.0,4,42,0.094,193,291.12,287.12,500.0,4,614.4
run_1789303990,rnd_task_019,robot_2,Central,Central,78.22,4,2,0.46,4,1,0.12,0.01,6,40,0.102,87,195.26,191.26,500.0,4,567.2
run_1789303990,rnd_task_020,robot_3,South,South,22.15,2,0,0.46,4,1,0.0,0.18,6,41,0.202,12,60.36,56.36,500.0,3,296.6
run_1789305052,rnd_task_001,robot_4,North,North,22.26,2,1,0.46,4,1,0.11,0.1,4,35,0.097,74,345.2,341.2,500.0,4,536.4
run_1789305052,rnd_task_002,robot_3,South,North,0.67,0,2,0.46,4,2,0.12,0.05,6,47,0.093,80,410.6,406.6,500.0,6,732.38
run_1789305052,rnd_task_003,robot_1,Central,Central,0.51,0,0,0.46,4,1,0.11,0.03,3,23,0.084,64,236.9,232.9,500.0,3,382.6
run_1789305052,rnd_task_004,robot_2,Central,South,0.85,0,2,0.46,4,2,0.07,0.0,5,40,0.104,74,457.86,453.86,500.0,5,614.4
run_1789305052,rnd_task_005,robot_1,North,Central,81.91,4,2,0.46,4,2,0.05,0.07,7,60,0.083,176,664.76,660.76,500.0,8,1138.0
run_1789305052,rnd_task_006,robot_4,North,North,35.25,2,1,0.46,4,1,0.06,0.18,5,36,0.075,136,364.58,360.58,500.0,6,722.4
run_1789305052,rnd_task_007,robot_2,North,South,68.9,4,2,0.46,4,2,0.06,0.08,6,43,0.07,165,713.12,709.12,500.0,7,915.8
run_1789305052,rnd_task_008,robot_3,North,North,29.54,2,1,0.46,4,1,0.12,0.0,3,24,0.067,128,233.96,229.96,500.0,3,474.4
run_1789305052,rnd_task_009,robot_3,North,South,66.1,4,2,0.46,4,2,0.13,0.0,4,36,0.071,99,570.14,566.14,500.0,6,788.6
run_1789305052,rnd_task_010,robot_4,South,North,48.14,4,2,0.46,4,2,0.1,0.06,8,53,0.082,92,703.28,699.28,500.0,8,994.2
run_1789305052,rnd_task_011,robot_1,South,North,6.0,1,2,0.46,4,2,0.0,0.0,6,35,0.083,67,366.22,362.22,500.0,6,648.4
run_1789305052,rnd_task_012,robot_2,Central,South,0.85,0,2,0.46,4,2,0.07,0.0,4,30,0.071,67,357.08,353.08,500.0,4,592.98
run_1789305052,rnd_task_013,robot_3,North,North,0.85,0,0,0.46,4,1,0.02,0.02,6,36,0.091,12,481.76,477.76,500.0,6,568.48
run_1789305052,rnd_task_014,robot_2,South,North,0.67,0,2,0.46,4,2,0.0,0.0,9,48,0.1,32,369.54,365.54,500.0,7,723.2
run_1789305052,rnd_task_015,robot_1,Central,North,85.1,4,2,0.46,4,2,0.03,0.0,8,40,0.1,32,361.12,357.12,500.0,5,601.9
run_1789305052,rnd_task_016,robot_4,South,South,47.38,2,1,0.46,4,1,0.0,0.18,9,49,0.092,54,396.9,392.9,500.0,6,802.2
run_1789305052,rnd_task_017,robot_3,North,North,8.95,2,0,0.46,4,1,0.13,0.16,7,40,0.105,43,263.94,259.94,500.0,6,555.0
run_1789305052,rnd_task_018,robot_1,Central,South,73.25,4,2,0.46,4,2,0.0,0.18,6,19,0.084,22,216.92,212.92,500.0,5,332.0
run_1789305052,rnd_task_019,robot_2,North,North,37.05,2,1,0.46,4,1,0.15,0.23,5,23,0.092,22,147.86,143.86,500.0,4,370.2
run_1789305052,rnd_task_020,robot_4,Central,Central,98.97,4,2,0.46,4,1,0.0,0.18,4,19,0.054,26,226.64,222.64,500.0,3,515.8
run_1789705560,rnd_task_001,robot_1,South,South,0.85,0,0,0.46,4,1,0.05,0.04,3,28,0.078,78,244.52,240.52,500.0,3,461.8
run_1789705560,rnd_task_002,robot_2,North,North,35.25,2,1,0.46,4,1,0.09,0.13,7,53,0.101,86,543.56,539.56,500.0,6,831.64
run_1789705560,rnd_task_003,robot_3,South,North,85.6,4,2,0.46,4,2,0.29,0.05,5,41,0.09,82,422.96,418.96,500.0,4,685.5
run_1789705560,rnd_task_004,robot_4,North,North,30.2,2,1,0.46,4,1,0.23,0.05,5,41,0.094,77,466.12,462.12,500.0,5,684.4
run_1789705560,rnd_task_005,robot_1,North,South,50.67,4,2,0.46,4,2,0.02,0.18,8,42,0.081,32,499.24,495.24,500.0,6,764.44
run_1789705560,rnd_task_006,robot_3,North,South,65.89,4,2,0.46,4,2,0.04,0.12,6,36,0.09,34,392.72,388.72,500.0,6,625.2
run_1789705560,rnd_task_007,robot_4,South,North,1.01,0,2,0.46,4,2,0.04,0.0,10,49,0.078,85,668.9,664.9,500.0,7,947.4
run_1789705560,rnd_task_008,robot_2,North,South,0.99,0,2,0.46,4,2,0.04,0.02,7,35,0.071,82,384.5,380.5,500.0,5,732.2
run_1789705560,rnd_task_009,robot_1,North,Central,64.69,4,2,0.46,4,2,0.12,0.06,7,36,0.085,76,405.62,401.62,500.0,6,611.6
run_1789705560,rnd_task_010,robot_3,Central,North,100.1,4,2,0.46,4,2,0.05,0.21,7,42,0.079,63,353.36,349.36,500.0,6,787.0
run_1789705560,rnd_task_011,robot_2,South,North,73.22,4,2,0.46,4,2,0.0,0.18,7,38,0.079,38,317.78,313.78,500.0,7,730.2
run_1789705560,rnd_task_012,robot_4,Central,North,0.97,0,2,0.46,4,2,0.05,0.19,6,31,0.084,38,358.44,354.44,500.0,5,570.2
run_1789705560,rnd_task_013,robot_1,North,South,6.13,1,2,0.46,4,2,0.06,0.16,7,36,0.078,44,466.42,462.42,500.0,6,667.6
run_1789705560,rnd_task_014,robot_3,North,North,6.0,0,1,0.46,4,1,0.02,0.0,7,46,0.104,72,306.18,302.18,500.0,6,655.0
run_1789705560,rnd_task_015,robot_4,South,North,82.81,4,2,0.46,4,2,0.07,0.2,11,93,0.106,122,905.8,901.8,500.0,8,1319.34
run_1789705560,rnd_task_016,robot_2,North,South,59.88,4,2,0.46,4,2,0.0,0.11,6,39,0.124,55,314.94,310.94,500.0,4,467.0
run_1789705560,rnd_task_017,robot_1,South,North,97.33,4,2,0.46,4,2,0.02,0.0,8,70,0.108,101,572.94,568.94,500.0,6,999.68
run_1789705560,rnd_task_018,robot_3,Central,South,0.67,0,2,0.46,4,2,0.09,0.05,5,31,0.069,66,319.26,315.26,500.0,3,634.54
run_1789705560,rnd_task_019,robot_2,Central,Central,6.0,0,0,0.46,4,1,0.06,0.04,7,36,0.08,67,293.08,289.08,500.0,3,646.6
run_1789705560,rnd_task_020,robot_3,South,South,22.15,2,0,0.46,4,1,0.0,0.18,7,36,0.176,0,65.6,61.6,500.0,2,295.88
run_1789706639,rnd_task_001,robot_4,North,North,22.26,2,1,0.46,4,1,0.09,0.06,4,23,0.067,119,352.6,348.6,500.0,4,536.6
run_1789706639,rnd_task_002,robot_3,South,North,52.36,4,2,0.46,4,2,0.16,0.02,6,35,0.072,122,402.58,398.58,500.0,6,717.6
run_1789706639,rnd_task_003,robot_1,Central,Central,42.28,2,0,0.46,4,1,0.1,0.06,4,21,0.071,101,249.9,245.9,500.0,3,392.0
run_1789706639,rnd_task_004,robot_2,Central,South,6.03,1,2,0.46,4,2,0.13,0.09,5,28,0.071,114,458.76,454.76,500.0,5,615.6
run_1789706639,rnd_task_005,robot_1,North,Central,81.91,4,2,0.46,4,2,0.04,0.02,8,49,0.068,129,652.04,648.04,500.0,8,1109.6
run_1789706639,rnd_task_006,robot_4,North,North,35.25,2,1,0.46,4,1,0.01,0.16,5,35,0.082,88,305.02,301.02,500.0,5,632.32
run_1789706639,rnd_task_007,robot_2,North,South,68.9,4,2,0.46,4,2,0.07,0.04,6,36,0.064,110,677.54,673.54,500.0,6,869.0
run_1789706639,rnd_task_008,robot_3,North,North,29.54,2,1,0.46,4,1,0.06,0.0,3,24,0.072,85,198.44,194.44,500.0,4,447.1
run_1789706639,rnd_task_009,robot_4,North,South,66.1,4,2,0.46,4,2,0.19,0.03,7,42,0.072,115,685.82,681.82,500.0,6,889.4
run_1789706639,rnd_task_010,robot_3,South,North,48.14,4,2,0.46,4,2,0.21,0.04,5,30,0.053,115,583.56,579.56,500.0,5,796.2
run_1789706639,rnd_task_011,robot_1,South,North,66.86,4,2,0.46,4,2,0.02,0.0,6,37,0.09,92,364.22,360.22,500.0,3,644.8
run_1789706639,rnd_task_012,robot_2,Central,South,5.77,1,2,0.46,4,2,0.13,0.03,4,36,0.08,92,397.28,393.28,500.0,3,646.36
run_1789758906,rnd_task_001,robot_1,South,South,24.94,2,0,0.46,4,1,0.03,0.0,3,22,0.154,4,97.82,93.82,500.0,3,194.9
run_1789758906,rnd_task_002,robot_2,North,North,0.79,0,1,0.46,4,1,0.04,0.0,7,46,0.21,5,213.1,209.1,500.0,4,343.64
run_1789758906,rnd_task_003,robot_3,South,North,85.6,4,2,0.46,4,2,0.13,0.07,5,30,0.155,3,165.78,161.78,500.0,4,284.56
run_1789758906,rnd_task_004,robot_4,North,North,30.2,2,1,0.46,4,1,0.13,0.04,5,30,0.169,3,178.98,174.98,500.0,4,272.74
run_1789758906,rnd_task_005,robot_1,North,South,50.67,4,2,0.46,4,2,0.07,0.09,7,37,0.165,5,212.98,208.98,500.0,3,327.3
run_1789750533,rnd_task_001,robot_1,North,North,29.43,2,1,0.46,4,1,0.03,0.0,5,42,0.101,62,508.5,504.5,500.0,1,654.9
run_1789750533,rnd_task_003,robot_2,South,Central,79.61,4,2,0.46,4,2,0.08,0.0,4,27,0.087,29,236.16,232.16,500.0,1,414.0
run_1789749522,rnd_task_001,robot_4,North,North,22.26,2,1,0.46,4,1,0.0,0.0,4,23,0.065,77,349.78,345.78,500.0,4,550.82
run_1789749522,rnd_task_002,robot_3,South,North,0.67,0,2,0.46,4,2,0.12,0.04,7,40,0.079,91,415.52,411.52,500.0,6,756.4
run_1789749522,rnd_task_003,robot_1,Central,Central,0.51,0,0,0.46,4,1,0.13,0.03,4,21,0.069,69,246.08,242.08,500.0,3,403.2
run_1789749522,rnd_task_004,robot_2,Central,South,0.85,0,2,0.46,4,2,0.08,0.07,5,29,0.072,81,484.08,480.08,500.0,5,642.7
run_1789749522,rnd_task_005,robot_1,North,Central,81.91,4,2,0.46,4,2,0.02,0.01,8,48,0.066,168,644.32,640.32,500.0,8,1122.4
run_1789749522,rnd_task_006,robot_4,North,North,0.51,0,1,0.46,4,1,0.11,0.04,4,30,0.069,73,300.9,296.9,500.0,5,633.82
run_1789749522,rnd_task_007,robot_2,North,South,68.9,4,2,0.46,4,2,0.08,0.02,6,41,0.072,154,682.56,678.56,500.0,6,888.6
run_1789749522,rnd_task_008,robot_3,North,North,29.54,2,1,0.46,4,1,0.06,0.01,3,19,0.055,59,196.66,192.66,500.0,4,436.6
run_1789749522,rnd_task_009,robot_4,North,South,66.1,4,2,0.46,4,2,0.1,0.04,7,42,0.074,157,629.84,625.84,500.0,6,867.6
run_1789749522,rnd_task_010,robot_3,South,North,48.14,4,2,0.46,4,2,0.13,0.08,5,41,0.069,157,625.24,621.24,500.0,6,875.18
run_1789749522,rnd_task_011,robot_1,South,North,66.86,4,2,0.46,4,2,0.07,0.01,6,37,0.087,70,372.6,368.6,500.0,6,668.08
run_1789749522,rnd_task_012,robot_2,Central,South,74.38,4,2,0.46,4,2,0.08,0.05,5,37,0.088,70,370.12,366.12,500.0,5,615.8
run_1789749522,rnd_task_013,robot_4,North,North,0.85,0,0,0.46,4,1,0.0,0.18,6,30,0.076,0,464.06,460.06,500.0,6,554.4
run_1789749522,rnd_task_014,robot_3,South,North,0.67,0,2,0.46,4,2,0.01,0.46,11,71,0.098,25,723.48,719.48,500.0,8,1118.8
run_1789749522,rnd_task_015,robot_2,Central,North,0.85,0,2,0.46,4,2,0.0,0.18,7,41,0.089,25,342.68,338.68,500.0,5,672.4
run_1789749522,rnd_task_016,robot_1,South,South,47.38,2,1,0.46,4,1,0.01,0.34,9,53,0.099,25,390.68,386.68,500.0,5,828.2
run_1789749522,rnd_task_017,robot_4,North,North,8.95,2,0,0.46,4,1,0.0,0.18,6,30,0.092,25,179.54,175.54,500.0,4,458.78
run_1789749522,rnd_task_018,robot_2,Central,South,73.25,4,2,0.46,4,2,0.0,0.18,5,24,0.102,0,226.98,222.98,500.0,4,352.0
run_1789749522,rnd_task_020,robot_4,Central,Central,98.97,4,2,0.46,4,1,0.11,0.01,6,41,0.088,75,374.5,370.5,500.0,3,684.8
run_1789749522,rnd_task_022,robot_2,Central,Central,0.49,0,1,0.46,4,1,0.03,0.33,4,29,0.082,81,270.04,266.04,500.0,1,539.32
run_1789748534,rnd_task_001,robot_1,South,South,24.94,2,0,0.46,4,1,0.03,0.0,3,27,0.069,93,247.36,243.36,500.0,3,492.2
run_1789748534,rnd_task_002,robot_2,North,North,35.25,2,1,0.46,4,1,0.06,0.1,7,54,0.095,136,564.16,560.16,500.0,6,905.2
run_1789748534,rnd_task_003,robot_3,South,North,0.49,0,2,0.46,4,2,0.18,0.0,5,41,0.085,90,437.34,433.34,500.0,4,730.92
run_1789748534,rnd_task_004,robot_4,North,North,30.2,2,1,0.46,4,1,0.15,0.07,5,41,0.086,85,509.44,505.44,500.0,5,741.12
run_1789748534,rnd_task_005,robot_1,North,South,50.67,4,2,0.46,4,2,0.03,0.23,8,42,0.08,95,520.64,516.64,500.0,6,771.26
run_1789748534,rnd_task_006,robot_3,North,South,65.89,4,2,0.46,4,2,0.12,0.1,6,36,0.089,82,377.76,373.76,500.0,6,626.42
run_1789748534,rnd_task_007,robot_4,South,North,66.35,4,2,0.46,4,2,0.03,0.11,10,59,0.093,163,673.46,669.46,500.0,7,965.0
run_1789748534,rnd_task_008,robot_2,North,South,6.0,0,2,0.46,4,2,0.11,0.06,6,40,0.073,139,407.46,403.46,500.0,5,770.2
run_1789748534,rnd_task_009,robot_1,North,Central,64.69,4,2,0.46,4,2,0.03,0.07,6,37,0.086,94,415.76,411.76,500.0,6,627.2
run_1789748534,rnd_task_010,robot_3,Central,North,100.1,4,2,0.46,4,2,0.03,0.19,7,46,0.095,80,285.82,281.82,500.0,6,713.2
run_1789748534,rnd_task_011,robot_2,South,North,6.0,1,2,0.46,4,2,0.0,0.18,8,38,0.078,24,326.96,322.96,500.0,7,738.9
run_1789748534,rnd_task_012,robot_4,Central,North,6.11,1,2,0.46,4,2,0.07,0.26,8,37,0.101,24,369.22,365.22,500.0,5,574.6
run_1789748534,rnd_task_013,robot_1,North,South,6.13,1,2,0.46,4,2,0.02,0.08,6,36,0.076,38,483.62,479.62,500.0,6,682.2
run_1789748534,rnd_task_014,robot_3,North,North,53.01,2,1,0.46,4,1,0.02,0.0,6,31,0.066,59,312.82,308.82,500.0,6,663.0
run_1789748534,rnd_task_015,robot_4,South,North,0.85,0,2,0.46,4,2,0.03,0.42,11,87,0.113,113,783.06,779.06,500.0,8,1188.26
run_1789748534,rnd_task_016,robot_2,North,South,59.88,4,2,0.46,4,2,0.08,0.22,6,47,0.117,94,459.26,455.26,500.0,5,613.64
run_1789748534,rnd_task_017,robot_1,South,North,97.33,4,2,0.46,4,2,0.04,0.0,7,59,0.11,99,396.08,392.08,500.0,5,821.6
run_1789748534,rnd_task_018,robot_3,Central,South,0.67,0,2,0.46,4,2,0.03,0.0,5,47,0.106,72,306.4,302.4,500.0,4,621.78
run_1789748534,rnd_task_019,robot_2,Central,Central,78.22,4,2,0.46,4,1,0.01,0.0,6,40,0.114,26,155.46,151.46,500.0,4,506.6
run_1789748534,rnd_task_020,robot_3,South,South,0.85,0,0,0.46,4,1,0.0,0.18,7,31,0.146,19,60.06,56.06,500.0,2,302.4
run_1789732761,rnd_task_001,robot_4,North,North,22.26,2,1,0.46,4,1,0.06,0.07,4,35,0.095,82,350.44,346.44,500.0,4,548.6
run_1789732761,rnd_task_002,robot_3,South,North,0.67,0,2,0.46,4,2,0.06,0.06,6,47,0.089,96,430.74,426.74,500.0,6,767.2
run_1789732761,rnd_task_003,robot_1,Central,Central,0.51,0,0,0.46,4,1,0.09,0.0,4,28,0.1,60,247.22,243.22,500.0,3,399.6
run_1789732761,rnd_task_004,robot_2,Central,South,69.97,4,2,0.46,4,2,0.05,0.0,5,40,0.101,79,467.32,463.32,500.0,5,631.96
run_1789732761,rnd_task_005,robot_1,North,Central,81.91,4,2,0.46,4,2,0.06,0.0,8,48,0.065,279,664.86,660.86,500.0,8,1146.88
run_1789732761,rnd_task_006,robot_4,North,North,0.51,0,1,0.46,4,1,0.08,0.1,5,35,0.077,156,327.06,323.06,500.0,5,673.6
run_1789732761,rnd_task_007,robot_2,North,South,68.9,4,2,0.46,4,2,0.06,0.0,6,41,0.071,259,703.38,699.38,500.0,6,902.8
run_1789732761,rnd_task_008,robot_3,North,North,29.54,2,1,0.46,4,1,0.07,0.0,3,24,0.069,142,229.44,225.44,500.0,4,465.4
run_1789732761,rnd_task_009,robot_4,North,South,66.1,4,2,0.46,4,2,0.04,0.03,6,35,0.061,195,700.58,696.58,500.0,7,917.38
run_1789732761,rnd_task_010,robot_3,South,North,0.67,0,2,0.46,4,2,0.12,0.07,5,35,0.058,195,636.88,632.88,500.0,5,868.6
run_1789732761,rnd_task_011,robot_1,South,North,66.86,4,2,0.46,4,2,0.02,0.01,6,31,0.073,84,363.86,359.86,500.0,6,659.4
run_1789732761,rnd_task_012,robot_2,Central,South,74.38,4,2,0.46,4,2,0.09,0.0,5,31,0.073,84,356.64,352.64,500.0,5,600.62
run_1789732761,rnd_task_013,robot_3,North,North,21.6,2,0,0.46,4,1,0.02,0.23,7,36,0.079,25,423.9,419.9,500.0,6,662.2
run_1789732761,rnd_task_014,robot_4,South,North,6.0,0,2,0.46,4,2,0.03,0.46,11,59,0.095,25,446.16,442.16,500.0,7,952.26
run_1789732761,rnd_task_015,robot_2,Central,North,85.1,4,2,0.46,4,2,0.01,0.0,6,36,0.079,25,335.74,331.74,500.0,5,659.84
run_1789732761,rnd_task_016,robot_1,South,South,47.38,2,1,0.46,4,1,0.0,0.18,9,51,0.095,25,387.96,383.96,500.0,5,823.36
run_1789732761,rnd_task_017,robot_3,North,North,8.95,2,0,0.46,4,1,0.06,0.24,7,36,0.107,0,179.5,175.5,500.0,6,485.6
run_1789732761,rnd_task_018,robot_2,Central,South,0.85,0,2,0.46,4,2,0.0,0.18,5,29,0.125,0,225.08,221.08,500.0,5,350.6
run_1789732761,rnd_task_019,robot_4,North,North,0.67,0,1,0.46,4,1,0.1,0.09,4,19,0.066,29,191.7,187.7,500.0,3,425.6
run_1789732761,rnd_task_020,robot_1,Central,Central,98.97,4,2,0.46,4,1,0.0,0.18,5,24,0.069,53,220.32,216.32,500.0,3,518.8
run_1789734723,rnd_task_001,robot_1,North,South,81.52,4,2,0.46,4,2,0.05,0.0,5,47,0.068,83,658.08,654.08,500.0,5,1054.0
run_1789734723,rnd_task_002,robot_4,North,South,95.29,4,2,0.46,4,2,0.04,0.09,7,58,0.076,171,793.12,789.12,500.0,6,1190.0
run_1789734723,rnd_task_003,robot_2,South,North,63.78,4,2,0.46,4,2,0.02,0.0,4,30,0.062,32,371.02,367.02,500.0,3,681.8
run_1789734723,rnd_task_004,robot_3,Central,South,93.74,4,2,0.46,4,2,0.01,0.0,4,41,0.071,59,436.08,432.08,500.0,4,819.4
run_1789734723,rnd_task_005,robot_2,South,South,14.75,2,0,0.46,4,1,0.11,0.13,5,41,0.082,151,500.64,496.64,500.0,6,754.0
run_1789734723,rnd_task_006,robot_3,South,North,70.84,4,2,0.46,4,2,0.12,0.08,6,41,0.079,146,417.0,413.0,500.0,6,754.74
run_1789734723,rnd_task_007,robot_1,Central,North,30.81,2,0,0.46,4,2,0.06,0.05,5,36,0.087,127,395.0,391.0,500.0,6,670.0
run_1789734723,rnd_task_008,robot_4,North,South,49.38,4,2,0.46,4,2,0.05,0.01,8,48,0.084,104,543.88,539.88,500.0,6,857.8
run_1789734723,rnd_task_009,robot_2,North,North,34.52,2,1,0.46,4,1,0.07,0.0,7,42,0.088,70,368.7,364.7,500.0,6,726.4
run_1789734723,rnd_task_010,robot_3,North,South,83.8,4,2,0.46,4,2,0.06,0.0,7,43,0.08,62,402.14,398.14,500.0,7,749.4
run_1789734723,rnd_task_011,robot_1,North,Central,6.0,0,2,0.46,4,2,0.04,0.0,6,25,0.074,58,220.76,216.76,500.0,4,488.42
run_1789734723,rnd_task_013,robot_4,North,North,16.78,2,0,0.46,4,1,0.09,0.01,7,48,0.104,52,522.78,518.78,500.0,6,689.4
run_1789734723,rnd_task_014,robot_2,North,Central,76.18,4,2,0.46,4,2,0.14,0.05,7,46,0.127,49,350.48,346.48,500.0,5,553.08
run_1789734723,rnd_task_015,robot_1,South,Central,61.4,2,1,0.46,4,2,0.0,0.0,8,66,0.104,66,502.7,498.7,500.0,7,943.5
run_1789734723,rnd_task_016,robot_3,North,North,18.99,2,0,0.46,4,1,0.05,0.05,7,47,0.12,37,344.5,340.5,500.0,5,614.4
run_1789734723,rnd_task_017,robot_4,North,South,6.0,0,2,0.46,4,2,0.03,0.32,7,38,0.096,19,348.46,344.46,500.0,6,625.0
run_1789734723,rnd_task_018,robot_2,South,North,0.85,0,2,0.46,4,2,0.0,0.18,7,30,0.093,17,247.52,243.52,500.0,5,453.4
run_1789734723,rnd_task_019,robot_3,North,North,21.89,2,0,0.46,4,1,0.0,0.18,6,30,0.108,17,251.1,247.1,500.0,4,405.8
run_1789734723,rnd_task_020,robot_1,South,North,56.53,4,2,0.46,4,2,0.02,0.03,9,53,0.102,42,508.96,504.96,500.0,4,786.6
run_1789734723,rnd_task_023,robot_3,Central,North,62.65,4,2,0.46,4,2,0.02,0.46,6,24,0.07,40,260.16,256.16,500.0,1,486.4
run_1789731651,rnd_task_001,robot_1,South,South,24.94,2,0,0.46,4,1,0.02,0.05,3,28,0.07,80,253.02,249.02,500.0,3,514.0
run_1789731651,rnd_task_002,robot_2,North,North,35.25,2,1,0.46,4,1,0.06,0.06,7,53,0.092,107,543.04,539.04,500.0,6,911.2
run_1789731651,rnd_task_003,robot_3,South,North,85.6,4,2,0.46,4,2,0.19,0.02,5,41,0.084,82,438.08,434.08,500.0,4,735.42
run_1789731651,rnd_task_004,robot_4,North,North,30.2,2,1,0.46,4,1,0.14,0.07,5,41,0.084,76,510.84,506.84,500.0,5,758.4
run_1789731651,rnd_task_005,robot_1,North,South,50.67,4,2,0.46,4,2,0.04,0.34,8,42,0.077,67,533.64,529.64,500.0,6,806.4
run_1789731651,rnd_task_006,robot_3,North,South,65.89,4,2,0.46,4,2,0.08,0.24,6,36,0.085,76,401.02,397.02,500.0,6,656.0
run_1789731651,rnd_task_007,robot_4,South,North,66.35,4,2,0.46,4,2,0.01,0.22,10,60,0.091,126,704.28,700.28,500.0,7,1008.2
run_1789731651,rnd_task_008,robot_2,North,South,0.49,0,2,0.46,4,2,0.1,0.03,7,41,0.075,111,392.2,388.2,500.0,5,778.2
run_1789731651,rnd_task_009,robot_1,North,Central,64.69,4,2,0.46,4,2,0.05,0.07,7,42,0.097,78,422.06,418.06,500.0,6,637.1
run_1789731651,rnd_task_010,robot_3,Central,North,0.49,0,2,0.46,4,2,0.05,0.22,7,48,0.085,58,394.46,390.46,500.0,6,845.6
run_1789731651,rnd_task_011,robot_2,South,North,73.22,4,2,0.46,4,2,0.0,0.18,7,38,0.076,48,328.2,324.2,500.0,7,761.4
run_1789731651,rnd_task_012,robot_4,Central,North,0.97,0,2,0.46,4,2,0.04,0.1,6,31,0.081,48,376.78,372.78,500.0,5,589.0
run_1789731651,rnd_task_013,robot_1,North,South,6.13,1,2,0.46,4,2,0.04,0.17,7,36,0.074,50,494.04,490.04,500.0,6,704.4
run_1789731651,rnd_task_014,robot_3,North,North,53.01,2,1,0.46,4,1,0.08,0.02,7,41,0.089,107,309.06,305.06,500.0,7,677.44
run_1789731651,rnd_task_015,robot_4,South,North,82.81,4,2,0.46,4,2,0.04,0.15,11,87,0.102,127,866.02,862.02,500.0,8,1315.96
run_1789731651,rnd_task_016,robot_2,North,South,59.88,4,2,0.46,4,2,0.12,0.05,6,39,0.119,77,324.98,320.98,500.0,4,487.08
run_1789731651,rnd_task_017,robot_1,South,North,6.0,0,2,0.46,4,2,0.03,0.08,8,60,0.092,123,550.54,546.54,500.0,6,1002.8
run_1789731651,rnd_task_018,robot_2,Central,South,0.67,0,2,0.46,4,2,0.02,0.0,8,60,0.107,50,378.82,374.82,500.0,5,824.2
run_1789731651,rnd_task_019,robot_3,Central,Central,6.0,0,0,0.46,4,1,0.0,0.18,4,20,0.091,28,144.66,140.66,500.0,3,286.8
run_1789731651,rnd_task_020,robot_3,South,South,0.85,0,0,0.46,4,1,0.05,0.23,6,49,0.097,27,340.1,336.1,500.0,3,721.4
run_1789736765,rnd_task_001,robot_4,Central,South,6.02,0,2,0.46,4,2,0.07,0.0,6,51,0.099,155,397.14,393.14,500.0,5,785.6
run_1789736765,rnd_task_002,robot_1,South,Central,32.34,2,0,0.46,4,2,0.05,0.0,3,22,0.062,139,197.66,193.66,500.0,3,417.0
run_1789736765,rnd_task_003,robot_3,North,South,6.0,1,2,0.46,4,2,0.11,0.15,8,54,0.086,140,613.98,609.98,500.0,6,979.4
run_1789736765,rnd_task_004,robot_2,Central,South,6.05,0,2,0.46,4,2,0.2,0.14,6,40,0.086,138,441.26,437.26,500.0,4,701.4
run_1789736765,rnd_task_005,robot_1,Central,South,86.4,4,2,0.46,4,2,0.0,0.18,8,60,0.107,40,493.0,489.0,500.0,6,822.26
run_1789736765,rnd_task_006,robot_2,South,North,59.99,4,2,0.46,4,2,0.01,0.26,7,38,0.086,28,370.14,366.14,500.0,7,677.54
run_1789736765,rnd_task_007,robot_4,North,North,13.43,2,0,0.46,4,1,0.0,0.18,5,32,0.096,26,438.24,434.24,500.0,5,522.12
run_1789736765,rnd_task_008,robot_3,North,South,79.23,4,2,0.46,4,2,0.18,0.03,6,54,0.082,169,647.08,643.08,500.0,6,997.6
run_1789736765,rnd_task_009,robot_1,Central,Central,0.51,0,1,0.46,4,1,0.02,0.43,8,48,0.079,169,371.8,367.8,500.0,7,916.66
run_1789736765,rnd_task_010,robot_4,South,South,0.51,0,0,0.46,4,1,0.02,0.44,6,42,0.078,169,514.34,510.34,500.0,5,799.44
run_1789736765,rnd_task_011,robot_2,South,Central,0.67,0,2,0.46,4,2,0.18,0.01,8,48,0.079,215,491.82,487.82,500.0,6,882.6
run_1789736765,rnd_task_013,robot_3,North,South,88.12,4,2,0.46,4,2,0.15,0.14,13,94,0.096,282,911.3,907.3,500.0,9,1458.96
run_1789736765,rnd_task_014,robot_4,North,North,11.19,2,0,0.46,4,1,0.08,0.2,7,41,0.099,184,300.74,296.74,500.0,5,604.94
run_1789736765,rnd_task_015,robot_1,North,South,5.77,1,2,0.46,4,2,0.16,0.16,8,53,0.091,215,664.44,660.44,500.0,5,882.34
run_1789736765,rnd_task_016,robot_2,South,Central,0.97,0,2,0.46,4,2,0.17,0.04,7,49,0.083,164,548.2,544.2,500.0,5,913.6
run_1789736765,rnd_task_017,robot_4,Central,South,93.99,4,2,0.46,4,2,0.06,0.18,8,47,0.087,78,398.96,394.96,500.0,6,758.6
run_1789736765,rnd_task_018,robot_1,Central,North,42.16,2,1,0.46,4,2,0.01,0.0,7,49,0.093,47,390.26,386.26,500.0,6,820.42
run_1789736765,rnd_task_020,robot_2,South,South,41.52,2,1,0.46,4,1,0.03,0.3,6,47,0.114,38,290.02,286.02,500.0,5,630.2
run_1789736765,rnd_task_021,robot_3,Central,North,6.0,1,2,0.46,4,2,0.0,0.18,7,32,0.061,5,250.74,246.74,500.0,4,749.8
run_1789736765,rnd_task_022,robot_4,North,Central,78.11,4,2,0.46,4,2,0.0,0.18,9,44,0.08,5,570.84,566.84,500.0,3,845.2
run_1789733782,rnd_task_001,robot_1,North,North,0.58,0,1,0.46,4,1,0.03,0.0,5,36,0.085,44,505.56,501.56,500.0,4,655.18
run_1789733782,rnd_task_002,robot_4,North,South,0.49,0,2,0.46,4,2,0.03,0.0,7,47,0.077,53,500.88,496.88,500.0,6,932.4
run_1789733782,rnd_task_003,robot_2,South,Central,79.61,4,2,0.46,4,2,0.07,0.05,4,27,0.082,25,256.34,252.34,500.0,3,438.8
run_1789733782,rnd_task_004,robot_3,North,South,60.51,4,2,0.46,4,2,0.05,0.17,9,64,0.089,59,957.7,953.7,500.0,8,1121.06
run_1789733782,rnd_task_005,robot_2,Central,North,48.55,2,1,0.46,4,2,0.1,0.0,5,15,0.073,15,108.34,104.34,500.0,4,303.0
run_1789733782,rnd_task_006,robot_1,North,Central,34.8,2,1,0.46,4,2,0.0,0.18,3,16,0.059,8,201.52,197.52,500.0,5,339.2
run_1789733782,rnd_task_007,robot_2,South,Central,80.3,4,2,0.46,4,2,0.0,0.18,6,39,0.084,21,448.5,444.5,500.0,6,687.4
run_1789733782,rnd_task_008,robot_4,North,South,64.2,4,2,0.46,4,2,0.09,0.23,9,60,0.096,46,652.28,648.28,500.0,8,961.2
run_1789733782,rnd_task_009,robot_1,North,Central,53.26,2,1,0.46,4,2,0.04,0.17,8,60,0.105,46,367.52,363.52,500.0,6,880.38
run_1789733782,rnd_task_010,robot_3,North,North,37.44,2,1,0.46,4,1,0.04,0.42,8,55,0.102,31,527.3,523.3,500.0,7,824.6
run_1789733782,rnd_task_011,robot_2,South,South,24.94,2,0,0.46,4,1,0.0,0.18,6,25,0.092,30,180.66,176.66,500.0,3,370.0
run_1789733782,rnd_task_013,robot_2,North,North,30.7,2,1,0.46,4,1,0.05,0.15,9,48,0.111,12,382.56,378.56,500.0,8,650.74
run_1789733782,rnd_task_014,robot_1,North,North,9.66,2,0,0.46,4,1,0.0,0.18,4,19,0.076,2,211.86,207.86,500.0,5,339.9
run_1789733782,rnd_task_015,robot_4,Central,North,31.22,2,0,0.46,4,2,0.0,0.0,6,30,0.098,2,222.0,218.0,500.0,5,446.8
run_1789733782,rnd_task_016,robot_3,South,Central,28.02,2,0,0.46,4,2,0.0,0.46,9,54,0.092,31,590.24,586.24,500.0,7,888.2
run_1789733782,rnd_task_017,robot_1,North,North,13.2,2,0,0.46,4,1,0.0,0.18,5,23,0.119,10,68.2,64.2,500.0,4,268.6
run_1789733782,rnd_task_018,robot_4,North,Central,22.67,2,0,0.46,4,2,0.05,0.41,7,32,0.097,30,280.9,276.9,500.0,5,557.0
run_1789733782,rnd_task_019,robot_2,South,North,61.02,4,2,0.46,4,2,0.04,0.13,7,42,0.095,55,558.22,554.22,500.0,4,676.4
run_1789733782,rnd_task_020,robot_1,North,South,67.38,4,2,0.46,4,2,0.02,0.0,6,31,0.078,52,372.08,368.08,500.0,4,612.54
run_1789733782,rnd_task_022,robot_4,Central,Central,54.39,2,1,0.46,4,1,0.02,0.46,3,24,0.073,36,97.26,93.26,500.0,2,436.2
run_1789735840,rnd_task_001,robot_1,North,North,0.67,0,1,0.46,4,1,0.0,0.0,7,51,0.092,37,543.34,539.34,500.0,6,846.6
run_1789735840,rnd_task_002,robot_4,Central,Central,95.42,4,2,0.46,4,1,0.07,0.0,3,22,0.071,27,275.26,271.26,500.0,3,477.0
run_1789735840,rnd_task_003,robot_3,North,Central,51.35,2,1,0.46,4,2,0.12,0.12,4,28,0.08,18,331.82,327.82,500.0,5,546.8
run_1789735840,rnd_task_004,robot_2,South,Central,75.55,4,2,0.46,4,2,0.09,0.0,3,22,0.063,18,241.66,237.66,500.0,3,441.4
run_1789735840,rnd_task_005,robot_2,South,Central,79.61,4,2,0.46,4,2,0.0,0.18,7,38,0.111,12,228.32,224.32,500.0,5,503.0
run_1789735840,rnd_task_006,robot_4,North,Central,18.33,2,0,0.46,4,2,0.02,0.46,8,49,0.115,15,287.58,283.58,500.0,6,645.0
run_1789735840,rnd_task_007,robot_3,South,North,62.9,4,2,0.46,4,2,0.0,0.18,8,66,0.129,19,361.14,357.14,500.0,6,762.42
run_1789735840,rnd_task_008,robot_1,South,North,80.86,4,2,0.46,4,2,0.0,0.18,8,49,0.13,9,266.8,262.8,500.0,7,601.4
run_1789735840,rnd_task_009,robot_2,Central,North,75.79,4,2,0.46,4,2,0.0,0.18,6,29,0.108,7,215.8,211.8,500.0,5,389.22
run_1789735840,rnd_task_010,robot_4,North,Central,85.75,4,2,0.46,4,2,0.0,0.18,5,36,0.134,8,153.7,149.7,500.0,6,402.34
run_1789735840,rnd_task_011,robot_3,North,North,27.9,2,1,0.46,4,1,0.07,0.09,4,31,0.087,9,194.78,190.78,500.0,7,485.0
run_1789735840,rnd_task_012,robot_2,South,North,54.59,4,2,0.46,4,2,0.04,0.03,9,77,0.109,50,766.72,762.72,500.0,10,1063.18
run_1789735840,rnd_task_013,robot_1,North,North,5.37,2,0,0.46,4,1,0.1,0.26,3,25,0.089,6,196.16,192.16,500.0,4,381.8
run_1789735840,rnd_task_014,robot_4,Central,North,48.26,2,1,0.46,4,2,0.04,0.0,5,35,0.111,9,263.28,259.28,500.0,5,506.4
run_1789735840,rnd_task_015,robot_1,North,South,54.18,4,2,0.46,4,2,0.08,0.0,5,35,0.102,41,389.8,385.8,500.0,6,528.0
run_1789735840,rnd_task_016,robot_3,Central,South,36.18,2,0,0.46,4,2,0.04,0.0,6,35,0.107,41,223.48,219.48,500.0,4,485.22
run_1789735840,rnd_task_017,robot_4,Central,Central,52.62,2,1,0.46,4,1,0.0,0.18,7,38,0.095,37,238.78,234.78,500.0,5,612.4
run_1789735840,rnd_task_018,robot_3,Central,South,88.55,4,2,0.46,4,2,0.0,0.18,6,31,0.126,0,149.94,145.94,500.0,4,366.2
run_1789735840,rnd_task_019,robot_1,South,North,52.46,4,2,0.46,4,2,0.0,0.18,8,42,0.1,0,352.28,348.28,500.0,3,618.8
run_1789735840,rnd_task_023,robot_1,North,North,11.19,2,0,0.46,4,1,0.23,0.0,3,13,0.072,83,162.76,158.76,500.0,0,276.8
run_1789759641,rnd_task_001,robot_1,South,South,24.94,2,0,0.46,4,1,0.05,0.0,3,22,0.177,1,89.8,85.8,500.0,3,169.1
run_1789759641,rnd_task_002,robot_2,North,North,35.25,2,1,0.46,4,1,0.05,0.0,5,35,0.196,1,169.54,165.54,500.0,5,275.92
run_1789759641,rnd_task_003,robot_3,South,North,85.6,4,2,0.46,4,2,0.06,0.0,5,35,0.211,1,150.84,146.84,500.0,5,246.24
run_1789759641,rnd_task_004,robot_4,North,North,30.2,2,1,0.46,4,1,0.07,0.0,5,35,0.245,1,149.02,145.02,500.0,4,220.24
run_1789759641,rnd_task_005,robot_1,North,South,50.67,4,2,0.46,4,2,0.07,0.14,6,35,0.193,6,176.22,172.22,500.0,4,259.14
run_1789759641,rnd_task_006,robot_4,North,South,65.89,4,2,0.46,4,2,0.06,0.0,6,29,0.214,6,154.34,150.34,500.0,3,215.44
run_1789756765,rnd_task_001,robot_1,South,South,0.85,0,0,0.46,4,1,0.07,0.2,3,28,0.073,134,240.42,236.42,500.0,3,492.0
run_1789756765,rnd_task_002,robot_2,North,North,0.79,0,1,0.46,4,1,0.05,0.17,7,52,0.094,149,535.3,531.3,500.0,5,869.74
run_1789756765,rnd_task_003,robot_3,South,North,85.6,4,2,0.46,4,2,0.17,0.03,5,41,0.082,139,455.98,451.98,500.0,4,757.92
run_1789756765,rnd_task_004,robot_4,North,North,30.2,2,1,0.46,4,1,0.21,0.07,5,41,0.085,134,515.26,511.26,500.0,4,752.52
run_1789756765,rnd_task_005,robot_1,North,South,50.67,4,2,0.46,4,2,0.01,0.17,8,42,0.078,40,506.9,502.9,500.0,4,790.0
run_1789756765,rnd_task_006,robot_3,North,South,65.89,4,2,0.46,4,2,0.01,0.1,6,42,0.099,66,388.78,384.78,500.0,2,624.8
run_1789730185,rnd_task_001,robot_1,South,South,0.85,0,0,0.46,4,1,0.03,0.0,3,34,0.088,78,259.98,255.98,500.0,3,525.4
run_1789730185,rnd_task_002,robot_2,North,North,35.25,2,1,0.46,4,1,0.23,0.02,7,65,0.076,231,850.66,846.66,500.0,6,1323.6
run_1789730185,rnd_task_003,robot_3,South,North,85.6,4,2,0.46,4,2,0.04,0.32,5,47,0.093,85,438.24,434.24,500.0,4,734.0
run_1789730185,rnd_task_004,robot_4,North,North,30.2,2,1,0.46,4,1,0.04,0.14,5,47,0.099,84,509.3,505.3,500.0,5,749.0
run_1789730185,rnd_task_005,robot_1,North,South,50.67,4,2,0.46,4,2,0.03,0.19,5,31,0.055,165,530.04,526.04,500.0,5,804.2
run_1789730185,rnd_task_006,robot_3,North,South,65.89,4,2,0.46,4,2,0.01,0.38,4,23,0.053,139,381.56,377.56,500.0,6,645.48
run_1789730185,rnd_task_007,robot_4,South,North,66.35,4,2,0.46,4,2,0.13,0.13,12,77,0.087,181,1074.08,1070.08,500.0,8,1379.98
run_1789730185,rnd_task_008,robot_2,North,South,91.22,4,2,0.46,4,2,0.02,0.01,9,59,0.114,42,385.18,381.18,500.0,5,771.6
run_1789730185,rnd_task_009,robot_1,North,Central,64.69,4,2,0.46,4,2,0.05,0.09,7,53,0.119,35,431.18,427.18,500.0,4,674.0
run_1789730185,rnd_task_010,robot_3,Central,North,100.1,4,2,0.46,4,2,0.06,0.24,8,54,0.106,42,305.76,301.76,500.0,6,774.6
run_1789730185,rnd_task_013,robot_1,North,South,6.13,1,2,0.46,4,2,0.0,0.18,8,46,0.097,41,487.06,483.06,500.0,6,703.5
run_1789730185,rnd_task_014,robot_2,North,North,53.01,2,1,0.46,4,1,0.05,0.02,10,60,0.084,68,590.6,586.6,500.0,7,1097.54
run_1789730185,rnd_task_015,robot_4,South,North,6.24,1,2,0.46,4,2,0.02,0.29,14,95,0.111,75,915.66,911.66,500.0,9,1294.74
run_1789730185,rnd_task_016,robot_3,North,South,59.88,4,2,0.46,4,2,0.06,0.01,7,39,0.107,37,346.24,342.24,500.0,3,524.6
run_1789730185,rnd_task_017,robot_3,South,North,6.0,0,2,0.46,4,2,0.0,0.18,6,20,0.056,31,266.22,262.22,500.0,4,534.0
run_1789730185,rnd_task_018,robot_1,Central,South,57.08,2,1,0.46,4,2,0.02,0.0,8,50,0.109,35,362.08,358.08,500.0,5,662.0
run_1789730185,rnd_task_019,robot_2,Central,Central,78.22,4,2,0.46,4,1,0.0,0.18,5,35,0.193,7,117.98,113.98,500.0,5,258.84
run_1789730185,rnd_task_020,robot_3,South,South,22.15,2,0,0.46,4,1,0.02,0.14,9,90,0.158,29,476.3,472.3,500.0,5,876.0
run_1789730185,rnd_task_021,robot_1,South,Central,22.65,2,0,0.46,4,2,0.0,0.0,7,48,0.12,22,202.6,198.6,500.0,4,599.6
run_1789730185,rnd_task_023,robot_2,South,South,32.98,2,1,0.46,4,1,0.02,0.0,7,48,0.128,22,295.48,291.48,500.0,2,532.2
run_1789731313,rnd_task_001,robot_4,North,North,22.26,2,1,0.46,4,1,0.08,0.04,4,35,0.091,94,371.76,367.76,500.0,3,573.6
run_1789731313,rnd_task_002,robot_3,South,North,52.36,4,2,0.46,4,2,0.12,0.02,6,47,0.089,101,429.74,425.74,500.0,3,761.8
run_1789731313,rnd_task_003,robot_1,Central,Central,0.51,0,0,0.46,4,1,0.09,0.02,4,27,0.095,77,247.96,243.96,500.0,3,399.2
run_1789731313,rnd_task_004,robot_2,Central,South,69.97,4,2,0.46,4,2,0.08,0.03,5,40,0.101,85,468.78,464.78,500.0,3,636.2
run_1789366839,rnd_task_001,robot_1,South,South,24.94,2,0,0.46,4,1,0.03,0.04,3,28,0.073,83,245.78,241.78,500.0,0,494.54
run_1789365175,rnd_task_001,robot_1,South,South,24.94,2,0,0.46,4,1,0.05,0.0,3,22,0.058,72,257.94,253.94,500.0,3,521.6
run_1789365175,rnd_task_002,robot_2,North,North,0.79,0,1,0.46,4,1,0.18,0.08,7,59,0.095,105,642.44,638.44,500.0,5,991.78
run_1789365175,rnd_task_003,robot_3,South,North,85.6,4,2,0.46,4,2,0.13,0.06,5,41,0.078,88,505.04,501.04,500.0,4,799.88
run_1789365175,rnd_task_004,robot_4,North,North,30.2,2,1,0.46,4,1,0.17,0.07,5,41,0.074,83,552.1,548.1,500.0,5,815.6
run_1789365175,rnd_task_005,robot_1,North,South,6.0,0,2,0.46,4,2,0.04,0.28,8,60,0.099,47,611.66,607.66,500.0,4,885.64
run_1789365175,rnd_task_006,robot_3,North,South,6.03,1,2,0.46,4,2,0.06,0.17,6,47,0.105,31,429.68,425.68,500.0,3,706.02
run_1789649670,rnd_task_001,robot_4,North,North,22.26,2,1,0.46,4,1,0.05,0.09,4,29,0.074,97,379.02,375.02,500.0,3,569.4
run_1789649670,rnd_task_002,robot_3,South,North,0.67,0,2,0.46,4,2,0.1,0.02,6,41,0.084,100,418.3,414.3,500.0,4,738.62
run_1789649670,rnd_task_003,robot_1,Central,Central,0.51,0,0,0.46,4,1,0.08,0.02,4,21,0.07,73,248.68,244.68,500.0,3,398.88
run_1789649670,rnd_task_004,robot_2,Central,South,0.85,0,2,0.46,4,2,0.08,0.01,5,34,0.088,88,449.34,445.34,500.0,4,612.2
run_1789649670,rnd_task_006,robot_4,North,North,35.25,2,1,0.46,4,1,0.45,0.0,4,25,0.035,350,721.9,717.9,500.0,2,1036.14
run_1789649670,rnd_task_009,robot_4,North,South,66.1,4,2,0.46,4,2,0.0,0.18,1,5,0.01,217,415.26,411.26,500.0,0,615.6
run_1789649670,rnd_task_014,robot_4,South,North,79.73,4,2,0.46,4,2,0.21,0.0,2,12,0.011,518,628.02,624.02,500.0,0,1064.0
run_1789649670,rnd_task_017,robot_4,North,North,8.95,2,0,0.46,4,1,0.03,0.0,2,12,0.027,143,152.66,148.66,500.0,0,437.8
run_1789648614,rnd_task_001,robot_1,South,South,0.85,0,0,0.46,4,1,0.02,0.0,3,28,0.069,58,260.58,256.58,500.0,3,520.2
run_1789648614,rnd_task_002,robot_2,North,North,35.25,2,1,0.46,4,1,0.12,0.13,7,53,0.093,96,553.62,549.62,500.0,6,907.5
run_1789648614,rnd_task_003,robot_3,South,North,85.6,4,2,0.46,4,2,0.19,0.0,5,41,0.085,69,428.98,424.98,500.0,4,727.2
run_1789648614,rnd_task_004,robot_4,North,North,30.2,2,1,0.46,4,1,0.07,0.05,5,41,0.087,59,495.04,491.04,500.0,5,734.72
run_1789648614,rnd_task_005,robot_1,North,South,50.67,4,2,0.46,4,2,0.04,0.2,8,42,0.077,98,534.22,530.22,500.0,6,805.32
run_1789648614,rnd_task_006,robot_3,North,South,65.89,4,2,0.46,4,2,0.06,0.2,6,36,0.084,87,426.36,422.36,500.0,6,663.6
run_1789648614,rnd_task_007,robot_4,South,North,66.35,4,2,0.46,4,2,0.06,0.06,10,59,0.088,157,723.46,719.46,500.0,7,1024.0
run_1789648614,rnd_task_008,robot_2,North,South,91.22,4,2,0.46,4,2,0.1,0.05,7,41,0.073,135,402.2,398.2,500.0,5,789.2
run_1789648614,rnd_task_009,robot_1,North,Central,64.69,4,2,0.46,4,2,0.07,0.04,7,42,0.096,90,430.54,426.54,500.0,6,648.02
run_1789648614,rnd_task_010,robot_3,Central,North,100.1,4,2,0.46,4,2,0.06,0.19,7,48,0.091,87,324.34,320.34,500.0,6,791.02
run_1789648614,rnd_task_011,robot_2,South,North,73.22,4,2,0.46,4,2,0.0,0.18,8,43,0.086,52,336.94,332.94,500.0,7,764.4
run_1789648614,rnd_task_012,robot_4,Central,North,31.22,2,0,0.46,4,2,0.07,0.28,7,32,0.086,52,363.98,359.98,500.0,5,584.2
run_1789648614,rnd_task_013,robot_1,North,South,0.85,0,2,0.46,4,2,0.07,0.17,7,36,0.075,70,482.56,478.56,500.0,6,692.6
run_1789648614,rnd_task_014,robot_3,North,North,6.0,0,1,0.46,4,1,0.02,0.0,6,40,0.087,48,309.4,305.4,500.0,6,667.8
run_1789648614,rnd_task_015,robot_4,South,North,82.81,4,2,0.46,4,2,0.01,0.4,10,87,0.105,80,842.08,838.08,500.0,8,1279.5
run_1789648614,rnd_task_016,robot_2,North,South,59.88,4,2,0.46,4,2,0.02,0.0,6,34,0.102,27,327.76,323.76,500.0,5,490.0
run_1789648614,rnd_task_017,robot_1,South,North,97.33,4,2,0.46,4,2,0.04,0.02,10,95,0.123,90,694.1,690.1,500.0,6,1182.6
run_1789648614,rnd_task_018,robot_3,Central,South,0.67,0,2,0.46,4,2,0.01,0.0,4,32,0.067,53,293.08,289.08,500.0,4,630.02
run_1789648614,rnd_task_019,robot_2,Central,Central,6.0,0,0,0.46,4,1,0.02,0.06,7,48,0.109,53,302.14,298.14,500.0,4,659.2
run_1789648614,rnd_task_020,robot_3,South,South,0.85,0,0,0.46,4,1,0.0,0.18,6,40,0.187,28,64.18,60.18,500.0,3,310.02
